source,headline,published,link,sentiment,label_source
Airdrie News,Commonwealth Games: Canada claims first gold medal in gymnastics,2026-07-24 21:18:58,https://www.airdriecityview.com/national-sports/commonwealth-games-canada-claims-first-gold-medal-in-gymnastics-12590973,positive,auto_cardiffnlp_positive
Allafrica Tanzania,"Uganda: AFCON 2027 - A Golden Opportunity for Ugandans to Serve, Earn and Showcase the Nation",2026-07-24 20:41:56,https://allafrica.com/stories/202607240682.html,positive,auto_cardiffnlp_positive
Ani (asian News International),Merck Foundation marks 'World Assisted Reproductive Technology Day 2026' by providing 800+ Scholarships of Fertility and Reproductive care,2026-07-25 00:00:00,https://www.aninews.in/news/business/merck-foundation-marks-world-assisted-reproductive-technology-day-2026-by-providing-800-scholarships-of-fertility-and-reproductive-care20260725130502/,positive,auto_cardiffnlp_positive
Business Daily,"Co-founder of first budget airline Fly540 takes a bow, years after failed grand dream","Thu, 23 Jul 2026 14:13:35 GMT",https://www.businessdailyafrica.com/bd/corporate/shipping-logistics/co-founder-of-first-budget-airline-fly540-takes-a-bow-5535498,positive,auto_cardiffnlp_positive
Business Daily,SBM Bank net profit jumps 88pc on lower deposit costs,"Wed, 22 Jul 2026 14:28:48 GMT",https://www.businessdailyafrica.com/bd/corporate/companies/sbm-bank-net-profit-jumps-88pc-on-lower-deposit-costs-5534530,positive,auto_cardiffnlp_positive
Capital FM,12 Startups Get Sh13 Million to Scale Inclusive Education,"Sat, 25 Jul 2026 07:22:29 +0000",https://capitalfm.africa/12-startups-get-sh13-million-to-scale-inclusive-education/,positive,auto_cardiffnlp_positive
Capital FM,"13 East African researchers complete BioInnovate Bootcamp, eye seed funding for innovative ventures","Sat, 25 Jul 2026 10:11:06 +0000",https://capitalfm.africa/13-east-african-researchers-complete-bioinnovate-bootcamp-eye-seed-funding-for-innovative-ventures/,positive,auto_cardiffnlp_positive
Capital FM,KPA wins eight top awards as Kisumu Port cements regional trade hub status,"Sat, 25 Jul 2026 08:55:49 +0000",https://capitalfm.africa/kpa-wins-eight-top-awards-as-kisumu-port-cements-regional-trade-hub-status/,positive,auto_cardiffnlp_positive
Capital FM,"Ruto defends SHA, says it is ‘ten times better’ than NHIF","Sat, 25 Jul 2026 09:51:32 +0000",https://capitalfm.africa/ruto-defends-sha-says-it-is-ten-times-better-than-nhif/,positive,auto_cardiffnlp_positive
Digital Spy,'The perfect comfort-watch': Judi Dench's beloved BBC sitcom is streaming right now,2026-07-24 21:12:00,https://www.digitalspy.com/tv/a73258583/judi-dench-as-time-goes-by-streaming/,positive,auto_cardiffnlp_positive
Ghanamma,"Kenya’s Elite Sharpshooters Dominate IPSC Championship, Showcasing Nation’s Rising Talent in Practical Shooting",2026-07-24 21:00:46,https://www.ghanamma.com/2026/07/24/kenyas-elite-sharpshooters-dominate-ipsc-championship-showcasing-nations-rising-talent-in-practical-shooting/,positive,auto_cardiffnlp_positive
K24 Tv,PCEA announces major milestone after receiving five-year tax exemption from KRA,2026-07-24 22:10:38,https://k24.digital/entertainment/events/pcea-announces-major-milestone-after-receiving-five-year-tax-exemption-from-kra,positive,auto_cardiffnlp_positive
KBC,African football triumph: Continent’s biggest achievements at Globe Cup 2026,"Fri, 24 Jul 2026 15:26:22 +0000",https://www.kbc.co.ke/african-football-triumph-continents-biggest-achievements-at-globe-cup-2026/,positive,auto_cardiffnlp_positive
Kawowo Sports,Commonwealth Games 2026: Brave start for Uganda’s Batte after victory over Nigerian Abdulwahab | Welterweight,2026-07-24 20:19:40,https://kawowo.com/2026/07/24/commonwealth-games-2026-brave-start-for-ugandas-batte-after-victory-over-nigerian-abdulwahab-welterweight/,positive,auto_cardiffnlp_positive
Kenya News Agency,Campus experience sharpens students’ entrepreneurial skills,"Sat, 25 Jul 2026 07:24:28 +0000",https://www.kenyanews.go.ke/campus-experience-sharpens-students-entrepreneurial-skills/,positive,auto_cardiffnlp_positive
Kenya News Agency,Mombasa embraces RPL to drive economic growth,"Sat, 25 Jul 2026 10:10:02 +0000",https://www.kenyanews.go.ke/mombasa-embraces-rpl-to-drive-economic-growth/,positive,auto_cardiffnlp_positive
Nairobi Wire,All The Hottest Memes in Nairobi This Friday,"Fri, 24 Jul 2026 03:48:56 +0000",https://nairobiwire.com/2026/07/all-the-hottest-memes-in-nairobi-this-friday.html,positive,auto_cardiffnlp_positive
Nairobi Wire,Hilarious Memes in Nairobi This Wednesday,"Wed, 22 Jul 2026 03:48:09 +0000",https://nairobiwire.com/2026/07/hilarious-memes-in-nairobi-this-wednesday-9.html,positive,auto_cardiffnlp_positive
Nairobi Wire,The Funniest Memes in Nairobi This Thursday,"Thu, 23 Jul 2026 03:48:42 +0000",https://nairobiwire.com/2026/07/the-funniest-memes-in-nairobi-this-thursday-16.html,positive,auto_cardiffnlp_positive
Nation,All the best to Starlets,2026-07-24 21:01:00,https://nation.africa/kenya/blogs-opinion/editorials/all-the-best-to-starlets-5536762,positive,auto_cardiffnlp_positive
Nation,Kenya’s foundational learning reforms bearing fruit,2026-07-24 21:03:00,https://nation.africa/kenya/blogs-opinion/blogs/kenya-s-foundational-learning-reforms-bearing-fruit--5536590,positive,auto_cardiffnlp_positive
Sportsnet,Canada claims first gold medal at Commonwealth Games in gymnastics,2026-07-24 23:22:10,https://www.sportsnet.ca/more/article/canada-claims-first-gold-medal-at-commonwealth-games-in-gymnastics/,positive,auto_cardiffnlp_positive
The Standard,Counties to receive Sh428 billion boost after MPs approve Revenue Bill,"Thu, 25 Jun 2026 22:56:12 +0300",https://www.standardmedia.co.ke/article/2001551319/counties-to-receive-sh428-billion-boost-after-mps-approve-revenue-bill,positive,auto_cardiffnlp_positive
The Standard Headlines,Why Kalonzo's calm resolve and Sifuna's fire are the winning bet,"Sun, 21 Jun 2026 16:05:00 +0300",https://www.standardmedia.co.ke/article/2001550893/why-kalonzo-s-calm-resolve-and-sifuna-s-fire-are-the-winning-bet,positive,auto_cardiffnlp_positive
World News API,Business News | Merck Foundation Marks 'World Assisted Reproductive Technology Day 2026' by Providing 800+ Scholarships of Fertility and Reproductive Care,,https://www.latestly.com/agency-news/business-news-merck-foundation-marks-world-assisted-reproductive-technology-day-2026-by-providing-800-scholarships-of-fertility-and-reproductive-care-7531469.html,positive,auto_cardiffnlp_positive
World News API,Improved veterinary regulation big boon for livestock farmers,,https://www.standardmedia.co.ke/smart-harvest/article/2001553727/improved-veterinary-regulation-big-boon-for-livestock-farmers,positive,auto_cardiffnlp_positive
World News API,Inside Savinaah's World: From Childhood Dreams to Music Success,,https://www.kenyamoja.com/video/inside-savinaahs-world-childhood-dreams-music-success-ntv-video-411744,positive,auto_cardiffnlp_positive
World News API,Jhandu Kumar shines in CWG 2026 men’s heavyweight para-powerlifting,,https://assamtribune.com/sports/jhandu-kumar-shines-in-cwg-2026-mens-heavyweight-para-powerlifting-1614740,positive,auto_cardiffnlp_positive
World News API,Junior Silverbacks open title defence with victory,,https://www.newvision.co.ug/category/sports/junior-silverbacks-open-title-defence-with-vi-NV_237651_072026,positive,auto_cardiffnlp_positive
World News API,Justice served: Sharon Otieno&#039;s family welcomes Obado conviction,,https://www.standardmedia.co.ke/crime-and-justice/article/2001553682/justice-served-sharon-otienos-family-welcomes-obado-conviction,positive,auto_cardiffnlp_positive
World News API,KIRDI trains leather sector players to boost global competitiveness,,https://www.kenyamoja.com/index.php/video/kirdi-trains-leather-sector-players-boost-global-competitiveness-ktn-news-411357,positive,auto_cardiffnlp_positive
World News API,Kenya's 3x3 women revive Commonwealth hopes with dramatic Fiji victory,,https://www.kenyamoja.com/video/kenyas-3x3-women-revive-commonwealth-hopes-dramatic-fiji-victory-ntv-video-411805,positive,auto_cardiffnlp_positive
World News API,Merck Foundation together with African and Asian First Ladies mark ‘World Assisted Reproductive Technology Day’ 2026 through their ‘More Than a Mother’ Campaign,,https://www.socialnews.xyz/2026/07/25/merck-foundation-together-with-african-and-asian-first-ladies-mark-world-assisted-reproductive-technology-day-2026-through-their-more-than-a-mother-campaign,positive,auto_cardiffnlp_positive
World News API,Safal awards celebrate photographers championing Africa's natural heritage,,https://www.kenyamoja.com/video/safal-awards-celebrate-photographers-championing-africas-natural-heritage-ntv-video-411804,positive,auto_cardiffnlp_positive
World News API,Six North Rift counties unite to celebrate lasting Kerio Valley peace,,https://www.kenyamoja.com/video/six-north-rift-counties-unite-celebrate-lasting-kerio-valley-peace-ntv-video-411784,positive,auto_cardiffnlp_positive
World News API,Why the Congolese Seben is Africa&#039;s greatest cultural gift,,https://www.standardmedia.co.ke/opinion/article/2001553673/why-the-congolese-seben-is-africas-greatest-cultural-gift,positive,auto_cardiffnlp_positive
Business Daily Africa,SafariLink steps up fleet expansion as tourism boom fuels demand,"Sun, 19 Jul 2026 16:40:16 GMT",https://www.businessdailyafrica.com/bd/corporate/companies/safarilink-steps-up-fleet-expansion-as-tourism-boom-5531842,positive,auto_cardiffnlp_positive
Business Daily Africa,Industrial sugar imports surge on improved product demand,"Sun, 19 Jul 2026 06:18:16 GMT",https://www.businessdailyafrica.com/bd/economy/industrial-sugar-imports-surge-on-improved-product-demand-5531310,positive,auto_cardiffnlp_positive
Business Daily Africa,"At nearly 50, she's still pushing her body to new limits and it’s paying off","Fri, 17 Jul 2026 20:16:45 GMT",https://www.businessdailyafrica.com/bd/lifestyle/health-fitness/at-nearly-50-she-s-still-pushing-her-body-to-new-limits-5530360,positive,auto_cardiffnlp_positive
Business Daily Africa,Gala honours young women driving impact,"Thu, 16 Jul 2026 18:05:54 GMT",https://www.businessdailyafrica.com/bd/news/gala-honours-young-women-driving-impact-5529552,positive,auto_cardiffnlp_positive
Business Daily Africa,Insurers’ NSE portfolio climbs to four-year high amid rally,"Thu, 16 Jul 2026 15:44:15 GMT",https://www.businessdailyafrica.com/bd/markets/capital-markets/insurers-nse-portfolio-climbs-to-four-year-high-amid-rally-5529374,positive,auto_cardiffnlp_positive
K24,FIFA World Cup: Life lessons we can learn from football,"Sun, 19 Jul 2026 23:24:27 +0000",https://k24.digital/sports/world-cup/fifa-world-cup-life-lessons-we-can-learn-from-football,positive,auto_cardiffnlp_positive
K24,"Mbappé wins Golden Boot as Rodri, Simón headline 2026 World Cup individual awards","Sun, 19 Jul 2026 23:03:16 +0000",https://k24.digital/sports/world-cup/mbappe-wins-golden-boot-as-rodri-simon-headline-2026-world-cup-individual-awards,positive,auto_cardiffnlp_positive
K24,Spain crowned 2026 FIFA World Cup champions after edging Argentina in historic New York final,"Sun, 19 Jul 2026 22:22:40 +0000",https://k24.digital/sports/world-cup/spain-crowned-2026-fifa-world-cup-champions-after-edging-argentina-in-historic-new-york-final,positive,auto_cardiffnlp_positive
K24,Key reasons why some employees actually look forward to Mondays,"Sun, 19 Jul 2026 21:08:05 +0000",https://k24.digital/lifestyle/life-hacks/key-reasons-why-some-employees-actually-look-forward-to-mondays,positive,auto_cardiffnlp_positive
K24,Five habits that can make your Monday more productive,"Sun, 19 Jul 2026 20:30:05 +0000",https://k24.digital/lifestyle/life-hacks/five-habits-that-can-make-your-monday-more-productive,positive,auto_cardiffnlp_positive
K24,What makes a World Cup Final so special?,"Sun, 19 Jul 2026 19:21:27 +0000",https://k24.digital/mytake/what-makes-a-world-cup-final-so-special,positive,auto_cardiffnlp_positive
K24,"Merci, Didier Deschamps! Coach’s historic 14-year reign as France’s tactician ends","Sun, 19 Jul 2026 13:36:46 +0000",https://k24.digital/sports/world-cup/merci-didier-deschamps-coachs-historic-14-year-reign-as-frances-tactician-ends,positive,auto_cardiffnlp_positive
KBC,Xi voices firm support for UN in meeting with Guterres,"Sun, 19 Jul 2026 08:25:12 +0000",https://www.kbc.co.ke/xi-voices-firm-support-for-un-in-meeting-with-guterres/,positive,auto_cardiffnlp_positive
KBC,Enziu River Bridge nears completion as Govt commits more funds,"Sun, 19 Jul 2026 08:22:25 +0000",https://www.kbc.co.ke/enziu-river-bridge-nears-completion-as-govt-commits-more-funds/,positive,auto_cardiffnlp_positive
KBC,Ol Kalou residents lauded for defending democratic space,"Sun, 19 Jul 2026 08:05:17 +0000",https://www.kbc.co.ke/ol-kalou-residents-lauded-for-defending-democratic-space/,positive,auto_cardiffnlp_positive
KBC,Global leaders back new framework for AI governance at Shanghai Summit,"Sat, 18 Jul 2026 22:42:24 +0000",https://www.kbc.co.ke/global-leaders-back-new-framework-for-ai-governance-at-shanghai-summit/,positive,auto_cardiffnlp_positive
Kenya News Agency,Uasin Gishu launches football tournament to nurture youth talent,"Sun, 19 Jul 2026 13:04:01 +0000",https://www.kenyanews.go.ke/uasin-gishu-launches-football-tournament-to-nurture-youth-talent/,positive,auto_cardiffnlp_positive
Standard - Headlines,"Kenya to benefit from G7-backed financial reforms, Ruto says","Wed, 17 Jun 2026 20:15:01 +0300",https://www.standardmedia.co.ke/article/2001550603/kenya-to-benefit-from-g7-backed-financial-reforms-ruto-says,positive,auto_cardiffnlp_positive
Standard - Business,Kenya's economy creates more millionaires,"Sun, 19 Jul 2026 10:00:00 +0300",https://www.standardmedia.co.ke/business/article/2001553164/kenya-s-economy-creates-more-millionaires,positive,auto_cardiffnlp_positive
NTV Kenya,"Kylian Mbappe wins second World Cup Golden Boot, Spain claim other awards","Mon, 20 Jul 2026 07:50:27 +0000",https://ntvkenya.co.ke/sports/kylian-mbappe-wins-second-world-cup-golden-boot-spain-claim-other-awards/,positive,auto_cardiffnlp_positive
NTV Kenya,Historic run earns Wanyonyi multi-million payday,"Mon, 13 Jul 2026 09:24:49 +0000",https://ntvkenya.co.ke/news/historic-run-earns-wanyonyi-multi-million-payday/,positive,auto_cardiffnlp_positive
NTV Kenya,"COACH CHARLES AKONNOR STEERS GOR MAHIA TO GLORY, RECOUNTS HIS EXPERIENCE IN KENYA","Fri, 10 Jul 2026 10:18:40 +0000",https://ntvkenya.co.ke/sports/coach-charles-akonnor-steers-gor-mahia-to-glory-recounts-his-experience-in-kenya/,positive,auto_cardiffnlp_positive
NTV Kenya,Queen Nozizwe Mulela-Zulu | Royalty With Many Hats!,"Fri, 10 Jul 2026 09:16:30 +0000",https://ntvkenya.co.ke/arts-lifestyle/queen-nozizwe-mulela-zulu-royalty-with-many-hats/,positive,auto_cardiffnlp_positive
NTV Kenya,Obrigado! Heroes’ welcome for Cape Verde squad on return from World Cup,"Mon, 06 Jul 2026 06:39:36 +0000",https://ntvkenya.co.ke/news/obrigado-heroes-welcome-for-cape-verde-squad-on-return-from-world-cup/,positive,auto_cardiffnlp_positive
Citizen Digital (via Google News),Gachagua celebrates Sammy Kamau's historic win in Ol Kalou by-election - Citizen Digital,"Fri, 17 Jul 2026 05:31:48 GMT",https://news.google.com/rss/articles/CBMirgFBVV95cUxNV1hIOGpJMFBMVnJ4aGl2MDVSb1RFTU91cW05THpwREVPOUJuemlDUWhCc3BHR3hWeEhDVjFUazVocFV3eDJsNl9vZTJHblFDamJGVjV5alVrSy1CVVkzTFNPLS01bktCdDdJcFk1WFNaOXRWTXA3SlNJbVdPQXVpbUJiWXotaV95UnR1bUo0SHlVMldGSC16ZnNOZV9iSHVkajJNOWNieEgzT21jU3c?oc=5,positive,auto_cardiffnlp_positive
Citizen Digital (via Google News),Infantino's enlarged World Cup gamble pays off with punters - Citizen Digital,"Sat, 18 Jul 2026 17:29:06 GMT",https://news.google.com/rss/articles/CBMinwFBVV95cUxOWDdEVlVYVGE2VTN2aWJObmE4SGlCdkUtTDVjNHhaM1ZUWVF2aERzZ25FdldGM2UwYVhKMGFsVHZHcDlQV3diTXpuWm1OanFhdVZ6N0p0c05sQUFCU1h5VXc3SUgyWnNuOFJoNEc3akZhNjAyc1E0MTUxQXJOZURiaWo1cWNkSUNRY1lRX0ZIVFZZN2RtdWhKRVNzcG5ULWc?oc=5,positive,auto_cardiffnlp_positive
Citizen Digital (via Google News),Departing Deschamps looks back on 'wonderful' World Cup - Citizen Digital,"Sun, 19 Jul 2026 07:19:44 GMT",https://news.google.com/rss/articles/CBMimAFBVV95cUxNUWxpbkJPNXdPWWVwdkIwZTR3bkhUTE9HZ05qVlRQYUczY00xY2N6TXNsb2dKZkI0VFNYZUkwOGE3ZlotQTVudFJYeUVRUjhocjNFQ0JBVzI1WHFDQlFBQnRNMlMtRGZBUXBpODdNa3RvQldNRFk1QTNVbGlQRGdXa1dFVGxUU092dGZfT2E2TlhyNGtJNEo0cw?oc=5,positive,auto_cardiffnlp_positive
Citizen Digital (via Google News),Greasy Tunes: Inside the Spotify showcase that brought Kenyan music and fashion together - Citizen Digital,"Sat, 18 Jul 2026 12:29:37 GMT",https://news.google.com/rss/articles/CBMixgFBVV95cUxNb1hkVlAwYWE1eFhQZ09oNFlueFB4SDJ1N254SU5mNkVFUkFhY3Z6NGEtWGxRamtYNV9WS2V6cVh1QU1OVkZIOG1Qc2QwR2ZoYnZSOGtPc0dmaHNHNEZ2S2stczZaMlBLVmswRUlRbkQ4QjR4RUNZSDY4OGZweGl4anpvNmM4bjF2MWdWaUdvOHV3Q3RqWGpxZGcyd0dRek4zbzJSZjBXd2JFTjV0WDNmSzJvZmhuOFc2RzFtaUpyWWFBOHFZWWc?oc=5,positive,auto_cardiffnlp_positive
Citizen Digital (via Google News),Pocket-size AI: Powerful phones star at China show - Citizen Digital,"Sun, 19 Jul 2026 06:24:11 GMT",https://news.google.com/rss/articles/CBMikwFBVV95cUxPaU1TY2hfN2tuNk9tbEpVRERWcks0NlBYMDN4T2pJZ1N6Z0FsUklvUThuLXp4QXl0bm9lNFV1QlBoa3pwTDU4WVhzUXRfS09CS1BZYThSMzdrZGhZSHFjb3hsOVZ0ZlVJZFI5dlZTTDhWOFBDNEZqRnJYTTlUSVIyVUFiTElTOG1ZRThLWkV6YU1SaDA?oc=5,positive,auto_cardiffnlp_positive
Citizen Digital (via Google News),Calm Antonelli takes sixth win of the season with victory at Belgian GP - Citizen Digital,"Sun, 19 Jul 2026 15:51:20 GMT",https://news.google.com/rss/articles/CBMisAFBVV95cUxPN1Q2MUJERXpRN1gya044VXdiemYxZlJCcG9yMlNrUGN1YmQ4eFZMME13UlNfNnoyMXBVTUJoNEptUkE3cDcySmgySkJaTTlzVVVTY3lCcEdyUGdtWnFiNXdGZWxrU2VWVC1XZThTWXlRYWJlbzZCQTNWVEExR0E1NmNCRUE3dG5iV21NMzIyMVV4TVMzcV9BaGhfcC0yN3FaZmF1WXVnR2JONEtneVFoaw?oc=5,positive,auto_cardiffnlp_positive
Citizen Digital (via Google News),Ecstatic celebrations as Spaniards fete World Cup triumph - Citizen Digital,"Mon, 20 Jul 2026 03:40:42 GMT",https://news.google.com/rss/articles/CBMingFBVV95cUxOOHpOa0NPaFU2alJfUG9iaG9nSWhpRUprQmNSbTYySzZ1N0swdVlBVUlFSVZabFdTSXp3eXZFT1BPT0hyVkE4M1Z4RTlpeGJ3bVYwalZVTnVwRVJiVHdwTlBXdnJQaVNEMnRiX0JZc0dPTlkxcWtUa1R1S3Z5eUUxLUtaUlV5M3UxSHlnTTVNU0ZjT3d4emNIS3lDcmRuQQ?oc=5,positive,auto_cardiffnlp_positive
K24,Spain coach De la Fuente hopes his players will keep their tattoo promise after World Cup triumph,"Mon, 20 Jul 2026 08:45:40 +0000",https://k24.digital/sports/world-cup/spain-coach-de-la-fuente-hopes-his-players-will-keep-their-tattoo-promise-after-world-cup-triumph,positive,auto_cardiffnlp_positive
K24,5 movies worth leaving your house for after immersive weeks of World Cup,"Mon, 20 Jul 2026 08:17:55 +0000",https://k24.digital/entertainment/movies/5-movies-worth-leaving-your-house-for-after-immersive-weeks-of-world-cup,positive,auto_cardiffnlp_positive
K24,Spain coach revels in deserved World Cup triumph after win over Argentina,"Mon, 20 Jul 2026 06:33:43 +0000",https://k24.digital/sports/world-cup/spain-coach-revels-in-deserved-world-cup-triumph-after-win-over-argentina,positive,auto_cardiffnlp_positive
K24,IShowSpeed celebrates historic career milestone after performing at FIFA World Cup final,"Mon, 20 Jul 2026 06:13:52 +0000",https://k24.digital/entertainment/celebrity/ishowspeed-celebrates-historic-career-milestone-after-performing-at-fifa-world-cup-final,positive,auto_cardiffnlp_positive
K24,Shakira shines during historic FIFA World Cup final halftime show with Burna Boy,"Mon, 20 Jul 2026 05:58:35 +0000",https://k24.digital/entertainment/celebrity/shakira-shines-during-historic-fifa-world-cup-final-halftime-show-with-burna-boy,positive,auto_cardiffnlp_positive
K24,Unbelievable! Ferran Torres reacts after his World Cup goal sinks Messi and Argentina,"Mon, 20 Jul 2026 05:18:15 +0000",https://k24.digital/sports/world-cup/unbelievable-ferran-torres-reacts-after-his-world-cup-goal-sinks-messi-and-argentina,positive,auto_cardiffnlp_positive
KBC,Dock workers welcome bonus after KPA record performance,"Mon, 20 Jul 2026 08:10:07 +0000",https://www.kbc.co.ke/dock-workers-welcome-bonus-after-kpa-record-performance/,positive,auto_cardiffnlp_positive
KBC,Philanthropists trek over 200km to raise education funds for needy children,"Mon, 20 Jul 2026 08:03:11 +0000",https://www.kbc.co.ke/philanthropists-trek-over-200km-to-raise-education-funds-for-needy-children/,positive,auto_cardiffnlp_positive
KBC,Kenya showcases Affordable Housing financing model at UN urban development forum,"Mon, 20 Jul 2026 07:39:52 +0000",https://www.kbc.co.ke/kenya-showcases-affordable-housing-financing-model-at-un-urban-development-forum/,positive,auto_cardiffnlp_positive
KBC,China’s H1 industrial output up 5.4% as innovation accelerates,"Mon, 20 Jul 2026 06:31:11 +0000",https://www.kbc.co.ke/chinas-h1-industrial-output-up-5-4-as-innovation-accelerates/,positive,auto_cardiffnlp_positive
Standard - Politics,Sifuna's Western tour sparks excitement and tension,"Wed, 22 Jul 2026 07:50:00 +0300",https://www.standardmedia.co.ke/politics/article/2001553401/sifuna-s-western-tour-sparks-excitement-and-tension,positive,auto_cardiffnlp_positive
Standard - Politics,"Leaders urge Ruto to increase development in Nyanza, pledge 2027 support","Mon, 20 Jul 2026 11:54:16 +0300",https://www.standardmedia.co.ke/politics/article/2001553271/leaders-urge-ruto-to-increase-development-in-nyanza-pledge-2027-support,positive,auto_cardiffnlp_positive
Standard - Business,The future of our workforce depends on the skills we build today,"Wed, 22 Jul 2026 07:00:00 +0300",https://www.standardmedia.co.ke/business/article/2001553412/the-future-of-our-workforce-depends-on-the-skills-we-build-today,positive,auto_cardiffnlp_positive
Standard - Business,"Radical schools' agricultural project eases technology transfer to learners, families","Wed, 22 Jul 2026 06:00:00 +0300",https://www.standardmedia.co.ke/business/article/2001553404/radical-schools-agricultural-project-eases-technology-transfer-to-learners-families,positive,auto_cardiffnlp_positive
Standard - Business,Local lenders scoop top honours at 2026 Euromoney Awards,"Wed, 22 Jul 2026 06:00:00 +0300",https://www.standardmedia.co.ke/business/article/2001553391/local-lenders-scoop-top-honours-at-2026-euromoney-awards,positive,auto_cardiffnlp_positive
Standard - Business,New programme backs women-led businesses with Sh645m pledge,"Tue, 21 Jul 2026 14:32:33 +0300",https://www.standardmedia.co.ke/business/article/2001553373/new-programme-backs-women-led-businesses-with-sh645m-pledge,positive,auto_cardiffnlp_positive
Standard - Business,"Co-op Bank named Kenya's best retail, digital bank at 2026 Euromoney Awards","Tue, 21 Jul 2026 14:06:43 +0300",https://www.standardmedia.co.ke/business/article/2001553371/co-op-bank-named-kenya-s-best-retail-digital-bank-at-2026-euromoney-awards,positive,auto_cardiffnlp_positive
Standard - Business,How Kenya's green energy revolution is attracting global climate capital,"Tue, 21 Jul 2026 06:00:00 +0300",https://www.standardmedia.co.ke/business/article/2001553315/how-kenya-s-green-energy-revolution-is-attracting-global-climate-capital,positive,auto_cardiffnlp_positive
The East African,"AI could lift Sub-Saharan Africa economy 4pc if power, internet improve, IMF says","Tue, 21 Jul 2026 23:06:11 GMT",https://www.theeastafrican.co.ke/tea/sustainability/innovation/ai-could-lift-sub-saharan-africa-economy-5533876,positive,auto_cardiffnlp_positive
NTV Kenya,"Spain go back to top of FIFA rankings, Morocco reach record high","Tue, 21 Jul 2026 09:36:07 +0000",https://ntvkenya.co.ke/sports/spain-go-back-to-top-of-fifa-rankings-morocco-reach-record-high/,positive,auto_cardiffnlp_positive
NTV Kenya,Morocco to boost hotel beds by a fifth ahead of 2030 World Cup,"Mon, 20 Jul 2026 12:58:41 +0000",https://ntvkenya.co.ke/sports/morocco-to-boost-hotel-beds-by-a-fifth-ahead-of-2030-world-cup/,positive,auto_cardiffnlp_positive
Citizen Digital (via Google News),"Ruto welcomes blueprint to replace Vision 2030, promises public participation - Citizen Digital","Tue, 21 Jul 2026 14:10:24 GMT",https://news.google.com/rss/articles/CBMitwFBVV95cUxQOHhaMG15NGZJb3FuZHZ0LUFPNDc0a3JWWXZqblJiUlRsc2hjby1La3NjaHh6OXlxQlR2N1dRQzFXYVhxVmxONnJGVTVRWFBWQnRJZWl3Ty1LdW5NY1hjUzNXUVJERUUwa20xTzlESVQ1clBEbTJoR3Ayc1NYMmduSFpyUThxcXo3MUs4eTB1NUlVN3Q4T2FhNThJWk1ibTVVQ2VGZnNGdXNjSHp3UnVacTIyQTByVHc?oc=5,positive,auto_cardiffnlp_positive
Citizen Digital (via Google News),Gachagua returns to Ol Kalou for DCP 'Thank You' tour after landslide by-election win - Citizen Digital,"Fri, 17 Jul 2026 05:11:46 GMT",https://news.google.com/rss/articles/CBMiwAFBVV95cUxOczNrU2h4N0pNX3VtWUVFaXp4Q3FaSmp6b2lJYjJUMHZtVFgyclBkcWlOOE16S19VdVFMdWI2aWRWSmhjWldEd25tMmQzNWJLSUdnX2UtMDRoXzRUclBkcElXRmVBUG5UZzVZd3BOU0ctUW1PNzI2MlFRLWYxZDJ4bGV4Unc2eTNsMkluMnpMZkVNRVc0Tk1wbEpXVWxJcnV3VUtxazNSa3BHNTdkRUt5WnROLUxSS0hLUURuVFVKbEI?oc=5,positive,auto_cardiffnlp_positive
Citizen Digital (via Google News),Kenya to continue spearheading equitable development with focus on youth - Mudavadi - Citizen Digital,"Tue, 21 Jul 2026 06:41:55 GMT",https://news.google.com/rss/articles/CBMivgFBVV95cUxPUHlRRTJEclhVZUpaNnE5eTh4VzZBdkhWdG1ZMzZ6QWVFYUJsX0FPelcyZEEzM1ZOazVSY0syVFlvQkVzcnJYLXFleVk5cncyLWxmZk83dFowMVBhVm9sMF82NDNpV1pobjlPM1BQVWZ1RTNoN0FjLVNBSE4xbXRQbTFWcnE4T216LTY5a292dnNpejlIak95VXh4amNyRjNfT2tSY1dmeWNURU9nTHRLbC1Pc3pOQnIzQXNlZmZB?oc=5,positive,auto_cardiffnlp_positive
Citizen Digital (via Google News),A million people expected to welcome home Spain's World Cup champions - Citizen Digital,"Mon, 20 Jul 2026 05:41:21 GMT",https://news.google.com/rss/articles/CBMiqwFBVV95cUxOQmZDTzhFWUR3dzdaellXR0p3elFtdnQ1cjk4NWhxc2VXQTFRcVVWUEd1QlZBYTN1WkJuQTRJOEt2UnFKWXBYTV9hQVUwWFJCcTdMaGJZU09zUDRpWmx0cEtaczdzYl9HVWRlWUpQSmpVZGs3ZGh0V0dsU3hmZFJWNHViUmVNeDdQVVJlM1BlUVc2VWU3U3lWX3Jmd0hBckFXcktaUjFzR3JhSW8?oc=5,positive,auto_cardiffnlp_positive
K24,Grammy-winning artiste Chance the Rapper visits Kenya,"Wed, 22 Jul 2026 05:56:53 +0000",https://k24.digital/entertainment/celebrity/grammy-winning-artiste-chance-the-rapper-visits-kenya,positive,auto_cardiffnlp_positive
K24,Simple ways to make your house feel more like home,"Tue, 21 Jul 2026 20:44:30 +0000",https://k24.digital/lifestyle/home-and-living/simple-ways-to-make-your-house-feel-more-like-home,positive,auto_cardiffnlp_positive
K24,Simple ways to stay connected with friends despite busy schedules,"Tue, 21 Jul 2026 20:03:34 +0000",https://k24.digital/lifestyle/love-and-relationships/simple-ways-to-stay-connected-with-friends-despite-busy-schedules,positive,auto_cardiffnlp_positive
K24,The history of pasta and how it became a global favourite,"Tue, 21 Jul 2026 19:43:09 +0000",https://k24.digital/lifestyle/food-and-culinary/the-history-of-pasta-and-how-it-became-a-global-favourite,positive,auto_cardiffnlp_positive
K24,Skilled workforce key to fast-tracking Kamariny Stadium construction,"Tue, 21 Jul 2026 19:14:07 +0000",https://k24.digital/sports/skilled-workforce-key-to-fast-tracking-kamariny-stadium-construction,positive,auto_cardiffnlp_positive
Capital FM Kenya,Linda Mwananchi campaign raises over half a million in 10 hours,"Wed, 22 Jul 2026 06:11:49 +0000",https://capitalfm.africa/linda-mwananchi-campaign-raises-over-half-a-million-in-10-hours/,positive,auto_cardiffnlp_positive
Capital FM Kenya,Makau Mutua Congratulates Duncan Ojwang on Nomination as IPOA Chairperson,"Wed, 22 Jul 2026 05:09:23 +0000",https://capitalfm.africa/makau-mutua-congratulates-duncan-ojwang-on-nomination-as-ipoa-chairperson/,positive,auto_cardiffnlp_positive
K24,De Zerbi delighted with Tottenham’s progress as he outlines ambitious plans for new season,"Wed, 22 Jul 2026 18:23:05 +0000",https://k24.digital/sports/epl/de-zerbi-delighted-with-tottenhams-progress-as-he-outlines-ambitious-plans-for-new-season,positive,auto_cardiffnlp_positive
K24,Motsepe hails African teams at World Cup 2026 as CAF announces key plans,"Wed, 22 Jul 2026 13:29:27 +0000",https://k24.digital/sports/world-cup/motsepe-hails-african-teams-at-world-cup-2026-as-caf-announces-key-plans,positive,auto_cardiffnlp_positive
K24,5 outstanding moments African teams left at FIFA World Cup 2026,"Wed, 22 Jul 2026 13:10:26 +0000",https://k24.digital/sports/world-cup/5-outstanding-moments-african-teams-left-at-fifa-world-cup-2026,positive,auto_cardiffnlp_positive
K24,Ciru Muriuki praises tailor behind DCP-allied senators’ matching green blazers,"Wed, 22 Jul 2026 11:50:04 +0000",https://k24.digital/entertainment/celebrity/ciru-muriuki-praises-tailor-behind-dcp-allied-senators-matching-green-blazers,positive,auto_cardiffnlp_positive
Standard - Politics,Women MPs push for stronger political support ahead of 2027 polls,"Wed, 22 Jul 2026 23:54:46 +0300",https://www.standardmedia.co.ke/politics/article/2001553530/women-mps-push-for-stronger-political-support-ahead-of-2027-polls,positive,auto_cardiffnlp_positive
Standard - Business,SBM Bank Kenya's profit jumps 171pc as deposits near Sh100b,"Thu, 23 Jul 2026 07:00:00 +0300",https://www.standardmedia.co.ke/business/article/2001553498/sbm-bank-kenya-s-profit-jumps-171pc-as-deposits-near-sh100b,positive,auto_cardiffnlp_positive
K24,"Jaymo Ule Msee backs Nairobi underground railway line, praises Sakaja’s bold vision","Thu, 23 Jul 2026 04:30:58 +0000",https://k24.digital/entertainment/celebrity/jaymo-ule-msee-backs-nairobi-underground-railway-line-praises-sakajas-bold-vision,positive,auto_cardiffnlp_positive
K24,"2026 World Cup XI: Vozinha in, Cubarsi out as FIFA reveals fans’ best line up","Thu, 23 Jul 2026 04:14:12 +0000",https://k24.digital/sports/world-cup/2026-world-cup-xi-vozinha-in-cubarsi-out-as-fifa-reveals-fans-best-line-up,positive,auto_cardiffnlp_positive
Standard - Business,Women engineers urged to lead Kenya's innovation drive,"Thu, 23 Jul 2026 16:50:31 +0300",https://www.standardmedia.co.ke/business/article/2001553586/women-engineers-urged-to-lead-kenya-s-innovation-drive,positive,auto_cardiffnlp_positive
K24,World Athletics officially ratifies Sebastian Sawe’s sub-2-hour marathon record,"Thu, 23 Jul 2026 17:34:55 +0000",https://k24.digital/sports/athletics/world-athletics-officially-ratifies-sebastian-sawes-sub-2-hour-marathon-record,positive,auto_cardiffnlp_positive
K24,Triza Njeri lands in Dubai after well-wisher rewards her with seven-day holiday,"Thu, 23 Jul 2026 15:26:28 +0000",https://k24.digital/entertainment/celebrity/triza-njeri-lands-in-dubai-after-well-wisher-rewards-her-with-seven-day-holiday,positive,auto_cardiffnlp_positive
KBC,"Ruto unveils jobs boost for Nairobi artisans, mechanics","Thu, 23 Jul 2026 15:06:57 +0000",https://www.kbc.co.ke/ruto-unveils-jobs-boost-for-nairobi-artisans-mechanics/,positive,auto_cardiffnlp_positive
Standard - Business,BAT posts Sh3.1 billion half-year net profit,"Fri, 24 Jul 2026 06:00:00 +0300",https://www.standardmedia.co.ke/business/article/2001553595/bat-posts-sh3-1-billion-half-year-net-profit,positive,auto_cardiffnlp_positive
Kenyans.co.ke,Kenyan Firm Belva Digital Wins Global AI Innovation Award,2026-07-24T11:14:25+0300,https://www.kenyans.co.ke/featured/125550-kenyan-firm-belva-digital-wins-global-ai-innovation-award-cannes-lions-2026,positive,auto_cardiffnlp_positive
Citizen Digital (via Google News),Equity Bank boosts transport sector with PSV fleet - Citizen Digital,"Sat, 25 Jul 2026 07:48:13 GMT",https://news.google.com/rss/articles/CBMilAFBVV95cUxNNTRBZzdMeDQ0ektrT1d3LUlLRUdfNGgzN25JaWZDd3VpWjhXdm5maHRZM2lMX1JCczVDTEQxYU13VFp0MEpia2JXLWxZOGZFZFFjT3Njb1FiOEpjNFk2NUFCa1BUZzVTWkdJcVhjV2dWaF9DME5sUHBRUWhyQUNJQ2llWHNJZ09Mc2x0a3dUdDA2NjJI?oc=5,positive,auto_cardiffnlp_positive
Citizen Digital (via Google News),'The time feels right for a new chapter': Esther Waititu speaks after Safaricom exit announcement - Citizen Digital,"Tue, 21 Jul 2026 13:34:14 GMT",https://news.google.com/rss/articles/CBMizwFBVV95cUxOYkg0S3YxTERONDl4bGtiWXNNVmc5SWdlbjNyalZTdEQ2OUxHMUtVNHBNNmd0dDhvSUx6Q3F6a2EyRE91eUI2a3BlVUZUcEtmY0dSMU5rc1U4U01RanVScW5kNWw2OHZMQzVHSVJVTlBib0Y5LU43X2QzQjBZem1wekx2cmN0YmVNVXljVl9OTDNKaWRreEZGREFOZ2NzOWFXeEZ4MWRoQ3Z3LS12WlVGRnFONnBQc1RpOFRlUU5JbkZRY1F2T3llWDZneUxvTjA?oc=5,positive,auto_cardiffnlp_positive
Citizen Digital (via Google News),Hamilton proud of recovery after hitting rock bottom a year ago - Citizen Digital,"Fri, 24 Jul 2026 06:04:40 GMT",https://news.google.com/rss/articles/CBMipgFBVV95cUxOVzZyZ25uQ0ZJVW5iT2hwU2ttdlJtWHdnWEIyVDJNQUd0cE5LTVJwVVpEbkEwRDBtU0p1X3J2MVNrQ284d20xZkFaWF9heWVReHgwRUVaNXV2NVNNY0E2Yy1KQWJCeFk0SnhHLTBWMUFwUndlYWVja01VeTJkVVE0UEJoWUhxNUdXNjlsVVFLYngyTC1hY0hQZkh0U2ZEaUxQblBWZ09B?oc=5,positive,auto_cardiffnlp_positive
K24,"Nicholas Kioko praises wife Wambo, says he’ll never take her motherhood journey for granted","Sat, 25 Jul 2026 07:58:50 +0000",https://k24.digital/entertainment/celebrity/nicholas-kioko-praises-wife-wambo-says-hell-never-take-her-motherhood-journey-for-granted,positive,auto_cardiffnlp_positive
K24,Kinuthia shares inspirational self-love message reflecting on personal growth,"Sat, 25 Jul 2026 06:58:17 +0000",https://k24.digital/entertainment/celebrity/kinuthia-shares-inspirational-self-love-message-reflecting-on-personal-growth,positive,auto_cardiffnlp_positive
K24,"Shakira celebrates Ghetto Kids, urges govts to invest in children for equal opportunities","Sat, 25 Jul 2026 05:37:46 +0000",https://k24.digital/entertainment/celebrity/shakira-celebrates-ghetto-kids-urges-govts-to-invest-in-children-for-equal-opportunities,positive,auto_cardiffnlp_positive
K24,Analysis: Klopp returns to Germany with mission to revive national team fortunes,"Sat, 25 Jul 2026 04:42:34 +0000",https://k24.digital/sports/analysis-klopp-returns-to-germany-with-mission-to-revive-national-team-fortunes,positive,auto_cardiffnlp_positive
The Star,The D+ student who caught Obama’s eyeMwangi Mukami is now a multi-degree icon mentoring others to never give up,,https://www.the-star.co.ke/news/big-read/2026-07-20-the-d-student-who-caught-obamas-eye,positive,auto_cardiffnlp_positive
The Star,From conductor to the driver's seat: Njeri's 11-year matatu journeyShe started as a conductor and built a career that transformed her family's future.,,https://www.the-star.co.ke/news/big-read/2026-07-15-from-conductor-to-the-drivers-seat-njeris-11-year-matatu-journey,positive,auto_cardiffnlp_positive
The Star,"‘I did not look for a job’: Furniture craft pays offMercy Munyi, known as Shawry for Wood, is making a mark in male-dominated industry",,https://www.the-star.co.ke/news/big-read/2026-07-09-i-did-not-look-for-a-job-furniture-craft-pays-off,positive,auto_cardiffnlp_positive
The Star,From street corner sewing machine to a textile empireNakuru family business keen to dress the world is developing EPZ for global markets,,https://www.the-star.co.ke/news/big-read/2026-07-06-from-street-corner-sewing-machine-to-a-textile-empire,positive,auto_cardiffnlp_positive
The Star,Uasin Gishu secures Sh53m medical equipment boost from AMPATHExecutive says new health equipment will boost service delivery,,https://www.the-star.co.ke/counties/rift-valley/2026-07-23-uasin-gishu-secures-sh53m-medical-equipment-boost-from-ampath,positive,auto_cardiffnlp_positive
The Star,Nandi MPs praise Ruto for Sh6 billion projects across the countySay President deserves reelection for equitable development projects across the country,,https://www.the-star.co.ke/counties/rift-valley/2026-07-22-nandi-mps-praise-ruto-for-sh6-billion-projects-across-the-county,positive,auto_cardiffnlp_positive
The Star,Basil Koech: It’s time for generational changeMany young people are now bravely offering themselves up for leadership.,,https://www.the-star.co.ke/counties/rift-valley/2026-07-21-basil-koech-its-time-for-generational-change,positive,auto_cardiffnlp_positive
The Star,"After City Hall approval, Nairobi Metro rail project secures national backingMeeting underscored the growing collaboration between the national government and Nairobi",,https://www.the-star.co.ke/counties/nairobi/2026-07-23-after-city-hall-approval-nairobi-metro-rail-project-secures-national-backing,positive,auto_cardiffnlp_positive
The Star,Hope rises for herders as Ruto set to open Sh1bn Isiolo abattoirThe project has taken 17 years to complete after stalling under successive administrations before construction resumed in 2023.,,https://www.the-star.co.ke/counties/north-eastern/2026-07-22-hope-rises-for-herders-as-ruto-set-to-open-sh1bn-isiolo-abattoir,positive,auto_cardiffnlp_positive
The Star,Garissa to benefit from World Bank essential services projectsThe investments are part of the wider Isiolo-Mandera road development programme,,https://www.the-star.co.ke/counties/north-eastern/2026-07-19-northeastern-page-story-2-garissa-to-benefit-from-world-bank-essential-services-projects-1,positive,auto_cardiffnlp_positive
The Star,New Sh190 million dams bring hope to drought-hit Tana River communitiesWater is no longer a daily struggle for thousands of pastoral families,,https://www.the-star.co.ke/counties/coast/2026-07-20-new-sh190-million-dams-bring-hope-to-drought-hit-tana-river-communities,positive,auto_cardiffnlp_positive
The Star,"Kwale residents seek ecotourism boost after mangrove restorationKwale has 21,003 acres of mangroves, with slightly over 4,900 acres being in the Tsunza peninsula",,https://www.the-star.co.ke/counties/coast/2026-07-20-kwale-residents-seek-ecotourism-boost-after-mangrove-restoration,positive,auto_cardiffnlp_positive
The Star,No dropout as Murang'a school mentorship programme records 100% successAim is to remove barriers that prevent girls from completing their secondary education,,https://www.the-star.co.ke/counties/central/2026-07-23-no-dropout-as-muranga-school-mentorship-programme-records-100-success,positive,auto_cardiffnlp_positive
The Star,"Economy has stabilised despite global shocks, says PSPS says Kenya has escaped Iran war disruption because of measures taken to strengthen the economy",,https://www.the-star.co.ke/counties/central/2026-07-20-economy-has-stabilised-despite-global-shocks-says-ps,positive,auto_cardiffnlp_positive
The Star,Leaders say Ol Kalou win a sign of shifting political tide in Mt KenyaThe leaders said the outcome had strengthened DCP's confidence ahead of next year's polls,,https://www.the-star.co.ke/counties/central/2026-07-20-leaders-say-ol-kalou-win-a-sign-of-shifting-political-tide-in-mt-kenya,positive,auto_cardiffnlp_positive
The Star,"Women in Teso North stitch their way to financial freedomProgramme aims to empower participants through training in tailoring, fashion, design",,https://www.the-star.co.ke/counties/western/2026-07-17-women-in-teso-north-stitch-their-way-to-financial-freedom,positive,auto_cardiffnlp_positive
The Star,"Ruto has fulfilled key promises, so let's reelect him - Wetang'ulaHe urged the women of Bungoma to spearhead voter registration and rally support for Ruto",,https://www.the-star.co.ke/counties/western/2026-07-15-ruto-has-fulfilled-key-promises-so-lets-reelect-him-wetangula,positive,auto_cardiffnlp_positive
The Star,Mozzart Kenya restores dignity in Embu with modern sanitation facilitiesThe newly launched facilities include: a 14-door toilet block comprising seven units for boys and seven for girls,,https://www.the-star.co.ke/counties/eastern/2026-07-22-mozzart-kenya-restores-dignity-in-embu-with-modern-sanitation-facilities,positive,auto_cardiffnlp_positive
The Star,"Chiefs key to BETA success, says Ruto adviserBanda says administrators are indispensable to the successful rollout of the Kenya Kwanza administration's flagship development programme.",,https://www.the-star.co.ke/counties/eastern/2026-07-22-chiefs-key-to-beta-success-says-ruto-adviser,positive,auto_cardiffnlp_positive
The Star,"UDA leaders urge Kitui to support Ruto re-electionThe county has witnessed unprecedented development during his first term, three MPs said",,https://www.the-star.co.ke/counties/eastern/2026-07-20-uda-leaders-urge-kitui-to-support-ruto-re-election,positive,auto_cardiffnlp_positive
The Star,SBM Bank Kenya profit jumps 171% as deposits hit Sh94bn,,https://www.the-star.co.ke/business/kenya/2026-07-23-sbm-bank-kenya-profit-jumps-171-as-deposits-hit-sh94bn,positive,auto_cardiffnlp_positive
The Star,"Equity Group, AMREF University ink deal to boost healthcareThe move is aimed at improving access to quality healthcare across Africa.",,https://www.the-star.co.ke/business/kenya/2026-07-22-equity-group-amref-university-ink-deal-to-boost-healthcare,positive,auto_cardiffnlp_positive
The Star,"Kenya strengthens regional banking lead as Co-op joins Africa’s top 25 by capitalAll Kenya's top three banks appeared in the global top 1,000 list.",,https://www.the-star.co.ke/business/kenya/2026-07-20-kenya-strengthens-regional-banking-lead-as-co-op-joins-africas-top-25-by-capital,positive,auto_cardiffnlp_positive
The Star,"ADMI driven Ganjisha project equips over 7,800 Kenyan youth with digital skillsThe initiative was implemented by the Africa Digital Media Institute (ADMI) in partnership with Digital Opportunity Trust (DOT) Kenya.",,https://www.the-star.co.ke/business/kenya/2026-07-20-admi-driven-ganjisha-project-equips-over-7800-kenyan-youth-with-digital-skills,positive,auto_cardiffnlp_positive
The Star,Women lead Kenya's online house hunting boomThe shift is being fuelled by a tech-savvy generation that is comfortable making major decisions online,,https://www.the-star.co.ke/business/kenya/2026-07-17-women-lead-kenyas-online-house-hunting-boom,positive,auto_cardiffnlp_positive
The Star,Kenyan banks defy rate cuts to deliver record returns in Q1 – reportCooperative Bank Group and Equity Group Holdings reported strongest earnings growth among top tier lenders,,https://www.the-star.co.ke/business/kenya/2026-07-17-kenyan-banks-defy-rate-cuts-to-deliver-record-returns-in-q1-report,positive,auto_cardiffnlp_positive
The Star,"New car sales up 23% on affordable credit, stable economic activitiesNew car sales up 23% on affordable credit, stable economic activities",,https://www.the-star.co.ke/business/markets/2026-07-23-new-car-sales-up-23-on-affordable-credit-stable-economic-activities,positive,auto_cardiffnlp_positive
The Star,"Co-op Bank overtakes EABL in Nairobi bourse shake-up as market rally reshapes top fiveThe lender now ranks behind Safaricom, Equity Group Holdings and KCB Group in terms of market capitalisation.",,https://www.the-star.co.ke/business/markets/2026-07-22-co-op-bank-overtakes-eabl-in-nairobi-bourse-shake-up-as-market-rally-reshapes-top-five,positive,auto_cardiffnlp_positive
The Star,"KQ's London return signals bigger win for farmers, tourism and avaiationKenya is banking on the return of Kenya Airways' Boeing 777-300ER",,https://www.the-star.co.ke/business/markets/2026-07-20-kqs-london-return-signals-bigger-win-for-farmers-tourism-and-avaiation,positive,auto_cardiffnlp_positive
The Star,"KILEMI: Reforms, not fear, will secure the future of CooperativesProposed reforms provide an opportunity to strengthen oversight and improve accountability.",,https://www.the-star.co.ke/business/commentary/2026-07-13-kilemi-reforms-not-fear-will-secure-the-future-of-cooperatives,positive,auto_cardiffnlp_positive
The Star,MARTIN CHOMBA: Turkana oil success depends on disciplineEqually important is ensuring that local communities see tangible benefits.,,https://www.the-star.co.ke/business/commentary/2026-06-08-martin-chomba-turkana-oil-success-depends-on-discipline,positive,auto_cardiffnlp_positive
The Star,"ALIO: Why LAPFUND remains Kenya’s most trusted retirement partnerInstitutions like LAPFUND are central to ensuring that workers retire with security, confidence",,https://www.the-star.co.ke/business/commentary/2026-06-03-alio-why-lapfund-remains-kenyas-most-trusted-retirement-partner,positive,auto_cardiffnlp_positive
The Star,"SULTAN: How Kenya can fuel productivity through social investmentsInvest in youth and sports to empower young Kenyans to earn, innovate and compete globally",,https://www.the-star.co.ke/opinion/columnists/2026-07-14-wednesday-oped-sultan-how-kenya-can-fuel-productivity-through-social-investments-1,positive,auto_cardiffnlp_positive
The Star,EDITORIAL: Turn Nyota support into lasting businessesIts success will be measured by the businesses that continue to grow long after the programme ends,,https://www.the-star.co.ke/opinion/leader/2026-07-14-editorial-turn-nyota-support-into-lasting-businesses,positive,auto_cardiffnlp_positive
The Star,Mette sees Kagame Cup as perfect CAF Confederation Cup rehearsal,,https://www.the-star.co.ke/sports/football/2026-07-23-mette-sees-kagame-cup-as-perfect-caf-confederation-cup-rehearsal,positive,auto_cardiffnlp_positive
The Star,Ingavi sets sights on trophies after joining ShabanaThe pacey striker said his ambition is to help the Glamour Boys challenge for silverware while also hitting double figures in goals during the 2026/27 season.,,https://www.the-star.co.ke/sports/football/2026-07-23-ingavi-sets-sights-on-trophies-after-joining-shabana,positive,auto_cardiffnlp_positive
The Star,"Odemba says Nekesa’s Spain move highlights the strength of the country’s school football system in nurturing elite talentThe 18-year-old forward, became only the third Kenyan woman to sign for a club in Spain after Cynthia Shilwatso and Vivian Corazon Aquino.",,https://www.the-star.co.ke/sports/football/2026-07-23-odemba-says-nekesas-spain-move-highlights-the-strength-of-the-countrys-school-football-system-in-nurturing-elite-talent,positive,auto_cardiffnlp_positive
The Star,AFC Leopards reload for title assault with Ambani’s dream squadAmbani trusts that the arrival of Gambian striker Musa Ceesay adds a sharp new edge to the attack,,https://www.the-star.co.ke/sports/football/2026-07-22-afc-leopards-reload-for-title-assault-with-ambanis-dream-squad,positive,auto_cardiffnlp_positive
The Star,Owili relishing next chapter after dream rise after rising from lower leagues to KCBOwili completed his move to the bankers after an outstanding debut top-flight campaign with Mara Sugar FC,,https://www.the-star.co.ke/sports/football/2026-07-21-tuesday-against-all-odds-owili-relishing-next-chapter-after-dream-rise-after-rising-from-lower-leagues-to-kcb-1,positive,auto_cardiffnlp_positive
The Star,"Kenya’s athletics stars eye Commonwealth glory in GlasgowA formidable 52-member athletics squad will carry the nation's hopes, determined to fly the Kenyan flag high and add another memorable chapter to the country's rich Commonwealth legacy.",,https://www.the-star.co.ke/sports/athletics/2026-07-21-tuesday-kenyas-athletics-stars-eye-commonwealth-glory-in-glasgow-1,positive,auto_cardiffnlp_positive
The Star,"Phanuel's comeback gathers pace as U20 record holder rebuilds after injury setbackThe youngster's optimism follows a commanding performance on Tuesday evening at the Hungarian Athletics Grand Prix, where he surged to victory in the men's 1,500m, stopping the clock at 3:31.09.",,https://www.the-star.co.ke/sports/athletics/2026-07-21-phanuels-comeback-gathers-pace-as-u20-record-holder-rebuilds-after-injury-setback,positive,auto_cardiffnlp_positive
The Star,"Veteran race walker Kemboi chases maiden global medal in GlasgowHaving won bronze and silver at the continental championships, Kemboi is now targeting a breakthrough on the global stage.",,https://www.the-star.co.ke/sports/athletics/2026-07-20-veteran-race-walker-kemboi-chases-maiden-global-medal-in-glasgow-1,positive,auto_cardiffnlp_positive
The Star,"Kiplimo chases back-to-back Bogota Half Marathon crownKiplimo stamped his authority at last year's race with a commanding performance, slicing through the tape in 1:02:55 to lift the title.",,https://www.the-star.co.ke/sports/athletics/2026-07-20-kiplimo-chases-back-to-back-bogota-half-marathon-crown-1,positive,auto_cardiffnlp_positive
The Star,"Over 1,000 Kenyans rally in support of older personsEvent supports vulnerable older persons through feeding, healthcare and social welfare programmes.",,https://www.the-star.co.ke/sports/athletics/2026-07-18-over-1000-kenyans-rally-in-support-of-older-persons,positive,auto_cardiffnlp_positive
The Star,"Yego chasing fairytale Commonwealth farewell in GlasgowYego is now a veteran of four Commonwealth Games, making him one of the longest-serving athletes in Kenyan track and field history",,https://www.the-star.co.ke/sports/athletics/2026-07-17-yego-chasing-fairytale-commonwealth-farewell-in-glasgow,positive,auto_cardiffnlp_positive
The Star,"Monaco masterclass fires up Koech's Commonwealth Games medal chargeThe 22-year-old stamped his authority on the field at the Monaco meeting last Friday, producing a composed display to cruise to his first Diamond League victory of the season in 8:03.35.",,https://www.the-star.co.ke/sports/athletics/2026-07-16-monaco-masterclass-fires-up-koechs-commonwealth-games-medal-charge-1,positive,auto_cardiffnlp_positive
The Star,Longisa ready to carry Kipyegon’s legacy as rising star sets sights on Commonwealth gloryThe 21-year-old is convinced she has what it takes to carry that responsibility.,,https://www.the-star.co.ke/sports/athletics/2026-07-15-longisa-ready-to-carry-kipyegons-legacy-as-rising-star-sets-sights-on-commonwealth-glory,positive,auto_cardiffnlp_positive
The Star,Okwemba shifts focus to mental strength after Bokoli’s historic Western rugby Sevens triumphThe experienced tactician believes his players have what it takes to compete despite making their debut at the National Championships.,,https://www.the-star.co.ke/sports/rugby/2026-07-12-okwemba-shifts-focus-to-mental-strength-after-bokolis-historic-western-rugby-sevens-triumph-1,positive,auto_cardiffnlp_positive
The Star,Shimza honours his roots with ‘sunset in Pretoria’ EP,,https://www.the-star.co.ke/sasa/lifestyle/2026-07-22-shimza-honours-his-roots-with-sunset-in-pretoria-ep,positive,auto_cardiffnlp_positive
The Star,Samsung steps up battle for Kenya's screen marketLaunch comes at a time when consumers have a growing choice of display devices,,https://www.the-star.co.ke/sasa/technology/2026-07-17-samsung-steps-up-battle-for-kenyas-screen-market,positive,auto_cardiffnlp_positive
The Star,TikTok expands AI literacy drive across Sub-Saharan AfricaIntiatives part of TikTok continued investments to help its community better understand AI,,https://www.the-star.co.ke/sasa/technology/2026-07-14-tiktok-expands-ai-literacy-drive-across-sub-saharan-africa,positive,auto_cardiffnlp_positive
The Star,Over 500 Pioneer School students complete AI trainingStakeholders say Kenya needs to align its education system with AI which is increasingly shaping industries,,https://www.the-star.co.ke/sasa/technology/2026-07-13-over-500-pioneer-school-students-complete-ai-training,positive,auto_cardiffnlp_positive
The Star,"Gospel overtakes drill as Gen Z embraces diverse music tastesBeyond music, Nairobi's Gen Z audience is also consuming more podcasts",,https://www.the-star.co.ke/sasa/entertainment/2026-07-14-gospel-overtakes-drill-as-nairobis-gen-z-embraces-diverse-music-tastes,positive,auto_cardiffnlp_positive
The Star,Khaligraph Jones lands ambassadorial roleThe partnership is expected to strengthen efforts to promote electric mobility,,https://www.the-star.co.ke/sasa/entertainment/2026-07-10-khaligraph-jones-lands-an-ambassadorial-role,positive,auto_cardiffnlp_positive
The Star,Health advocates want faster implementation of Digital Health ActThe legislation lays strong foundation for protecting patients' sensitive health information,,https://www.the-star.co.ke/health/2026-07-21-health-advocates-want-faster-implementation-of-digital-health-act,positive,auto_cardiffnlp_positive
The Star,Square Pharmaceuticals bolsters Kenya's healthcare ambitionsThe firm highlighted that expanding local pharmaceutical production will reduce import dependency,,https://www.the-star.co.ke/health/2026-07-18-square-pharmaceuticals-bolsters-kenyas-healthcare-ambitions,positive,auto_cardiffnlp_positive
The Star,"Hope for premature babies as lobby donates incubatorsNarok, Kajiado, Kericho and Bomet hospitals received neonatal incubators",,https://www.the-star.co.ke/health/2026-07-02-hope-for-premature-babies-as-lobby-donates-incubators,positive,auto_cardiffnlp_positive
The Star,"Climate, health stories take centre stage in regional journalism awardsJournalists from six African countries recognised for outstanding reporting in awards organised by Mesha and supported by IDRC.",,https://www.the-star.co.ke/health/2026-07-01-climate-health-stories-take-centre-stage-in-regional-journalism-awards,positive,auto_cardiffnlp_positive
The Star,"Survey: Throat cancer patients wait 2 months for treatmentKNH patient support navigators did not shorten waiting times, they greatly improved follow-up and survival",,https://www.the-star.co.ke/health/2026-06-29-survey-throat-cancer-patients-wait-2-months-for-treatment,positive,auto_cardiffnlp_positive
The Star,NG’ANG’A: Agoa extension win for Kenyan traders,,https://www.the-star.co.ke/siasa/2026-07-19-nganga-agoa-extension-win-for-kenyan-traders,positive,auto_cardiffnlp_positive
The Star,WANTING: Kenya cannot ignore the retirement crisis aheadKenya has made progress in increasing life expectancy.,,https://www.the-star.co.ke/siasa/2026-07-19-wanting-kenya-cannot-ignore-the-retirement-crisis-ahead,positive,auto_cardiffnlp_positive
The Star,Climate-smart innovators honouredAwards recognised entrepreneurs advancing clean water and climate-smart farming,,https://www.the-star.co.ke/climate-change/2026-07-03-climate-smart-innovators-honoured,positive,auto_cardiffnlp_positive
The Star,"Nairobi takes centre stage as global climate leaders chart path for sustainable citiesThe 3-day conference has brought together mayors, urban planners, academics, and development partners from across the world",,https://www.the-star.co.ke/climate-change/2026-06-22-nairobi-takes-centre-stage-as-global-climate-leaders-chart-path-for-sustainable-cities,positive,auto_cardiffnlp_positive
The Star,100 Viwandani households get clean cooking kits in KPC driveKPC Foundation rolls out Phase 2 of clean cooking initiative in Nairobi,,https://www.the-star.co.ke/climate-change/2026-06-22-100-viwandani-households-get-clean-cooking-kits-in-kpc-drive,positive,auto_cardiffnlp_positive
The Star,Nairobi opens global climate conference with street art initiativeCommunity artists transformed public spaces with colourful murals depicting their vision for Nairobi’s future,,https://www.the-star.co.ke/climate-change/2026-06-21-nairobi-opens-global-climate-conference-with-street-art-initiative,positive,auto_cardiffnlp_positive
NTV Kenya,Swansea celebrity co-owner Snoop Dogg receives grand welcome on first visit,,https://ntvkenya.co.ke/news/swansea-celebrity-co-owner-snoop-dogg-receives-grand-welcome-on-first-visit/,positive,auto_cardiffnlp_positive
NTV Kenya,Kenya wins big in regional race for Rwanda fuel imports,,https://ntvkenya.co.ke/news/kenya-wins-big-in-regional-race-for-rwanda-fuel-imports/,positive,auto_cardiffnlp_positive
NTV Kenya,"Sifuna’s political manoeuvres stir debate, attract new supporters",,https://ntvkenya.co.ke/politics/sifunas-political-manoeuvres-stir-debate-attract-new-supporters/,positive,auto_cardiffnlp_positive
NTV Kenya,IEBC officials: We’re ready to deliver credible by-elections,,https://ntvkenya.co.ke/news/iebc-officials-were-ready-to-deliver-credible-by-elections/,positive,auto_cardiffnlp_positive
NTV Kenya,Museveni cites gains from nearly 40-year rule in bid for re-election,,https://ntvkenya.co.ke/news/museveni-cites-gains-from-nearly-40-year-rule-in-bid-for-re-election/,positive,auto_cardiffnlp_positive
Citizen Digital,"Belva Digital, WildMango earn Distinction for Innovation as new AI tool wins in global hackathon",,https://citizen.digital/article/belva-digital-wildmango-earn-distinction-for-innovation-as-new-ai-tool-wins-in-global-hackathon-n386955,positive,auto_cardiffnlp_positive
Citizen Digital,"Google-parent Alphabet beats expectations, cloud revenue nearly doubles",,https://citizen.digital/article/google-parent-alphabet-beats-expectations-cloud-revenueearly-doubles-n386957,positive,auto_cardiffnlp_positive
Citizen Digital,"Prince Indah, Ywaya Tajiri lead Spotify's biggest streaming gains among Nairobi Gen Z listeners",,https://citizen.digital/article/prince-indah-ywaya-tajiri-lead-spotifys-biggest-streaming-gains-among-nairobi-gen-z-listeners-n386923,positive,auto_cardiffnlp_positive
Citizen Digital,Greasy Tunes: Inside the Spotify showcase that brought Kenyan music and fashion together,,https://citizen.digital/article/greasy-tunes-inside-the-spotify-showcase-that-brought-kenyan-music-and-fashion-together-n386694,positive,auto_cardiffnlp_positive
Citizen Digital,CPF Group pension schemes post strong asset growth as County Pension Fund tops Ksh.68.3B,,https://citizen.digital/article/cpf-group-pension-schemes-post-strong-asset-growth-as-county-pension-fund-tops-ksh683b-n387022,positive,auto_cardiffnlp_positive
Citizen Digital,"Equity Group, AMREF university partner to advance healthcare, leadership, innovation",,https://citizen.digital/article/equity-group-amref-university-partner-to-advance-healthcare-leadership-innovation-n386913,positive,auto_cardiffnlp_positive
Citizen Digital,Stakeholders hail Kenya for advancing sickle cell disease care,,https://citizen.digital/article/stakeholders-hail-kenya-for-advancing-sickle-cell-disease-care-n386738,positive,auto_cardiffnlp_positive
The Standard,Doctors save six-day-old infant in historic surgical procedure,,https://www.standardmedia.co.ke/rift-valley/article/2001553310/doctors-save-six-day-old-infant-in-historic-surgical-procedure,positive,auto_cardiffnlp_positive
The Standard,"Agoa extension gives industry breathing room, results in highest-ever export earnings",,https://www.standardmedia.co.ke/business/financial-standard/article/2001552711/agoa-extension-gives-industry-breathing-room-results-in-highest-ever-export-earnings,positive,auto_cardiffnlp_positive
The Standard,New app to boost emergency security response,,https://www.standardmedia.co.ke/business/sci-tech/article/2001552802/new-app-to-boost-emergency-security-response,positive,auto_cardiffnlp_positive
The Standard,"Lessons for East Africa ahead of AFCON after successful World Cup in North America10 African nations qualified for this World Cup, the most in history. Nine survived the group stage.",,https://www.standardmedia.co.ke/business/football/article/2001553433/lessons-for-east-africa-ahead-of-afcon-after-successful-world-cup-in-north-america,positive,auto_cardiffnlp_positive
The Standard,From waitress to property mogul: Gamble that paid off,,https://www.standardmedia.co.ke/business/work-life/article/2001551344/from-waitress-to-property-mogul-gamble-that-paid-off,positive,auto_cardiffnlp_positive
The Standard,How high-value bee products can unlock millions for Kenyans,,https://www.standardmedia.co.ke/business/dr-pesa/article/2001542202/how-high-value-bee-products-can-unlock-millions-for-kenyans,positive,auto_cardiffnlp_positive
The Standard,"Pay in bits, glow in full: New wallet lets Nairobians save for skincare",,https://www.standardmedia.co.ke/business/dr-pesa/article/2001546742/pay-in-bits-glow-in-full-new-wallet-lets-nairobians-save-for-skincare,positive,auto_cardiffnlp_positive
The Standard,Suzuki eyes value-conscious Kenyan buyers with affordable mobility deals,,https://www.standardmedia.co.ke/business/motoring/article/2001551704/suzuki-eyes-value-conscious-kenyan-buyers-with-affordable-mobility-deals,positive,auto_cardiffnlp_positive
The Standard,Kenyan boxers beaming with confidence as Commonwealth Games kick off,,https://www.standardmedia.co.ke/sports/sports/article/2001553502/kenyan-boxers-beaming-with-confidence-as-commonwealth-games-kick-off,positive,auto_cardiffnlp_positive
The Standard,Nairobi champions keen to end their long wait for national glory,,https://www.standardmedia.co.ke/sports/sports/article/2001553500/nairobi-champions-keen-to-end-their-long-wait-for-national-glory,positive,auto_cardiffnlp_positive
The Standard,Tusker target strong start as CECAFA Kagame Cup offers ideal CAF test,,https://www.standardmedia.co.ke/sports/football/article/2001553451/tusker-target-strong-start-as-cecafa-kagame-cup-offers-ideal-caf-test,positive,auto_cardiffnlp_positive
The Standard,World champions Spain supplant Argentina to top FIFA rankings,,https://www.standardmedia.co.ke/sports/football/article/2001553338/world-champions-spain-supplant-argentina-to-top-fifa-rankings,positive,auto_cardiffnlp_positive
The Standard,"With more matches, World Cup shatters attendance and TV recordsThe 2026 World Cup created a stadium attendance high while FIFA boss Gianni Infantino said that TV viewership broke the previous record ""many, many times over"".",,https://www.standardmedia.co.ke/sports/football/article/2001553335/with-more-matches-world-cup-shatters-attendance-and-tv-records,positive,auto_cardiffnlp_positive
The Standard,Spain stars lap up adulation of estimated two million on World Cup parade,,https://www.standardmedia.co.ke/sports/football/article/2001553330/spain-stars-lap-up-adulation-of-estimated-two-million-on-world-cup-parade,positive,auto_cardiffnlp_positive
The Standard,"Thousands welcome home Argentina squad, without Messi, despite World Cup loss",,https://www.standardmedia.co.ke/sports/football/article/2001553329/thousands-welcome-home-argentina-squad-without-messi-despite-world-cup-loss,positive,auto_cardiffnlp_positive
The Standard,Spanish World Cup celebrations detected by seismic sensors after final goal,,https://www.standardmedia.co.ke/sports/football/article/2001553293/spanish-world-cup-celebrations-detected-by-seismic-sensors-after-final-goal,positive,auto_cardiffnlp_positive
The Standard,Burna Boy makes history as first man to top Spotify's Global Music Video Chart,,https://www.standardmedia.co.ke/entertainment/article/2001553559/burna-boy-makes-history-as-first-man-to-top-spotifys-global-music-video-chart,positive,auto_cardiffnlp_positive
The Standard,Khaligraph Jones stuns fans with new look after dramatic 47kg weight lo...,,https://www.standardmedia.co.ke/entertainment/article/2001553551/khaligraph-jones-stuns-fans-with-new-look-after-dramatic-47kg-weight-loss,positive,auto_cardiffnlp_positive
The Standard,Warren Gakuo's 'Portraits to Remain' celebrates Nairobi's creatives through monochrome photography,,https://www.standardmedia.co.ke/arts-culture/article/2001553459/warren-gakuos-portraits-to-remain-celebrates-nairobis-creatives-through-monochrome-photography,positive,auto_cardiffnlp_positive
The Standard,Teachers set to reap big as SRC approves Phase II salary review,,https://www.standardmedia.co.ke/education/article/2001553308/teachers-set-to-reap-big-as-src-approves-phase-ii-salary-review,positive,auto_cardiffnlp_positive
The Standard,"How dignity kits keep Samburu girls in class, help boost their confidence",,https://www.standardmedia.co.ke/education/article/2001553008/how-dignity-kits-keep-samburu-girls-in-class-help-boost-their-confidence,positive,auto_cardiffnlp_positive
The Standard,The Commonwealth's greatest prize lies beyond the games,,https://www.standardmedia.co.ke/opinion/article/2001553480/the-commonwealths-greatest-prize-lies-beyond-the-games,positive,auto_cardiffnlp_positive
The Standard,"Siyoi-Muruny dam promises water, opportunity and shared prosperity",,https://www.standardmedia.co.ke/opinion/article/2001553359/siyoi-muruny-dam-promises-water-opportunity-and-shared-prosperity,positive,auto_cardiffnlp_positive
The Standard,Power of football and World Cup beyond entertainment,,https://www.standardmedia.co.ke/opinion/article/2001553303/power-of-football-and-world-cup-beyond-entertainment,positive,auto_cardiffnlp_positive
The Standard,The best financial lesson from the World Cup: Prepare,,https://www.standardmedia.co.ke/opinion/article/2001553159/the-best-financial-lesson-from-the-world-cup-prepare,positive,auto_cardiffnlp_positive
The Standard,Let every family participate in building Kenya's future,,https://www.standardmedia.co.ke/opinion/article/2001553150/let-every-family-participate-in-building-kenyas-future,positive,auto_cardiffnlp_positive
The Standard,Kenyan journalist among three Africans honoured in global journalism awards,,https://www.standardmedia.co.ke/nairobi/article/2001551526/kenyan-journalist-among-three-africans-honoured-in-global-journalism-awards,positive,auto_cardiffnlp_positive
The Star,"Dancing with Shakira at World Cup was 'very, very good' - Ghetto KidsThe child stars tell of their excitement entertaining their biggest crowd yet at the World Cup final.",,https://www.the-star.co.ke/news/world/2026-07-24-dancing-with-shakira-at-world-cup-was-very-very-good-ghetto-kids,positive,auto_cardiffnlp_positive
The Star,"Kenya becomes hub for medical tourism as UK patients flock inAccessibility and affordability, especially in cardiovascular care, attracting patients.",,https://www.the-star.co.ke/counties/coast/2026-07-24-kenya-becomes-hub-for-medical-tourism-as-uk-patients-flock-in,positive,auto_cardiffnlp_positive
The Star,Aussems prioritises keeping Nairobi United core despite transfer overhaulThe Belgian coach has overseen a busy transfer window but believes continuity will be crucial after the team earned promotion through a strong domestic campaign.,,https://www.the-star.co.ke/sports/football/2026-07-24-aussems-prioritises-keeping-nairobi-united-core-despite-transfer-overhaul,positive,auto_cardiffnlp_positive
The Star,"World champion Odira to launch Commonwealth gold quest on MondayOdira boasts continental silver from the 2024 African Championships in Douala, Cameroon.",,https://www.the-star.co.ke/sports/athletics/2026-07-25-world-champion-odira-to-launch-commonwealth-gold-quest-on-monday,positive,auto_cardiffnlp_positive
The Star,Leos' Ojal buoyant as race for National Sevens Circuit starts today at Prinsloo 7s,,https://www.the-star.co.ke/sports/rugby/2026-07-25-leos-ojal-buoyant-as-race-for-national-sevens-circuit-starts-today-at-prinsloo-7s,positive,auto_cardiffnlp_positive
The Star,"Kenya's Sharpshooters battle for the IPSC glory in NaivashaKenya's finest practical shooter delivered a spectacular display on the field of speed, precision and nerves of steel",,https://www.the-star.co.ke/sasa/lifestyle/2026-07-24-kenyas-sharpshooters-battle-for-the-ipsc-glory-in-naivasha,positive,auto_cardiffnlp_positive
The Star,How Lego Braille Bricks boost kids’ right to playIt helps blind and visually impaired children and adults learn braille through play,,https://www.the-star.co.ke/sasa/society/2026-07-22-braille,positive,auto_cardiffnlp_positive
Citizen Digital,1 hour agoLyles wins US 100m title in world-leading 9.79secBy AFPHe matched the personal best he set in winning Olympic gold in Paris in 2024 and improved on the previous world leading time this year of 9.82 set by Oblique Seville at the Jamaican championships in J...Read More,,https://citizen.digital/article/lyles-wins-us-100m-title-in-world-leading-979sec-n387091,positive,auto_cardiffnlp_positive
Citizen Digital,"3 hours agoLocal brands feted as Kenya gears towards sustainable developmentBy Citizen ReporterThe Dependable Brands awards brought together brands from different sectors, including real estate, automobile, education, healthcare and travel.Read More",,https://citizen.digital/article/local-brands-feted-as-kenya-gears-towards-sustainable-development-n387085,positive,auto_cardiffnlp_positive
Citizen Digital,"6 hours agoMaresca says it's a 'privilege' to succeed Guardiola, expects Rodri to stayBy AFPThe Italian also expects to begin his first season in charge of the Premier League giants with Rodri still in his squad, although the World Cup Golden Ball winner requires back surgery....Read More",,https://citizen.digital/article/maresca-says-its-a-privilege-to-succeed-guardiola-expects-rodri-to-stay-n387082,positive,auto_cardiffnlp_positive
The Standard,FIDA: Sharon Otieno verdict restores faith in justice,,https://www.standardmedia.co.ke/national/article/2001553637/fida-sharon-otieno-verdict-restores-faith-in-justice,positive,auto_cardiffnlp_positive
The Standard,Gor Mahia thrash APR 5-0 to kick off Cecafa Kagame Cup with a bang,,https://www.standardmedia.co.ke/sports/sports/article/2001553716/gor-mahia-thrash-apr-5-0-to-kick-off-cecafa-kagame-cup-with-a-bang,positive,auto_cardiffnlp_positive
The Standard,"Free university is possible if Prezzo Ruto declares, because he knows what he's doing",,https://www.standardmedia.co.ke/opinion/article/2001553600/free-university-is-possible-if-prezzo-ruto-declares-because-he-knows-what-hes-doing,positive,auto_cardiffnlp_positive
World News API,Report urges faster AI adoption to strengthen Africa’s health supply chains,,,positive,auto_cardiffnlp_positive
World News API,Meshack Babu Targets Strong Debut Performance at Commonwealth Games in Glasgow,,,positive,auto_cardiffnlp_positive
World News API,Co-op Bank wins two Euromoney awards; Kenya’s Best Retail Bank and Best Digital Bank,,,positive,auto_cardiffnlp_positive
NewsData.io,Kenya is a robustly democratic country -Ruto,,,positive,auto_cardiffnlp_positive
NewsData.io,AfCFTA Services Protocol Opens A New Era For Africa’s Services Sector,,,positive,auto_cardiffnlp_positive
NewsData.io,"Co-operative Bank Named Best Retail, Digital Bank at Euromoney Awards",,,positive,auto_cardiffnlp_positive
NewsData.io,Team Kenya athletes get boost ahead of Commonwealth Games as gov't revamps reward scheme,,,positive,auto_cardiffnlp_positive
NewsData.io,Team Kenya eyes Commonwealth glory,,,positive,auto_cardiffnlp_positive
NewsData.io,SpeedOfMe Ranks UK 14th Fastest in World for Broadband Speeds in H1 2026,,,positive,auto_cardiffnlp_positive
NewsData.io,Infinix Kenya ignites Nairobi with 'The Night of HOT' as it officially launches HOT 70 series - Best value smartphone under Sh20K,,,positive,auto_cardiffnlp_positive
NewsData.io,"PSC, KSG and Nursing Council announce fresh job opportunities for Kenyans",,,positive,auto_cardiffnlp_positive
NewsData.io,"FG, UNESCO, AU unveil mobile learning initiative for teacher development",,,positive,auto_cardiffnlp_positive
NewsData.io,Kenya to continue spearheading equitable development with focus on youth - Mudavadi,,,positive,auto_cardiffnlp_positive
Currents API,Africa: Over $1.6m and Counting - How Betpawa's Model Is Improving Athlete Payment in Africa,,,positive,auto_cardiffnlp_positive
Currents API,"Kenya: Employer-Led Training Delivers Returns, Boosts SME Productivity",,,positive,auto_cardiffnlp_positive
KBC News,Kamariny Stadium construction back on track as construction gains momentum,,,positive,auto_cardiffnlp_positive
KBC News,"Ruto announces full funding for all students placed in universities, colleges",,,positive,auto_cardiffnlp_positive
Nairobi Wire,Funny Trending Memes To Kickstart New Week,,,positive,auto_cardiffnlp_positive
Nairobi Wire,Hilarious Kenyan Tweets on X to Beat the Monday Blues,,,positive,auto_cardiffnlp_positive
Nairobi Wire,Good Hustler Fund Repayers Set for Major Credit Boost Under New Plan,,,positive,auto_cardiffnlp_positive
Nairobi Wire,Hilarious Memes in Nairobi This Friday,,,positive,auto_cardiffnlp_positive
Business Today Kenya,World Cup Bets Turn Into Big Wins as Odibets Rewards Players with Smartphones and 55” Hisense TVs,,,positive,auto_cardiffnlp_positive
