source,headline,published,link,Label,Model_Label,Agreement
Business Daily Africa,Why trio in cannabis trafficking case lost six vehicles to State,"Sun, 19 Jul 2026 18:55:34 GMT",https://www.businessdailyafrica.com/bd/economy/why-trio-in-cannabis-trafficking-case-lost-vehicles-to-state-5531916,Negative,Negative,True
Business Daily Africa,Africa contributes over 40pc of Kenya's export earnings in new trade shift,"Sun, 19 Jul 2026 17:48:12 GMT",https://www.businessdailyafrica.com/bd/economy/africa-contributes-over-40pc-of-kenya-s-export-earnings-5531880,Positive,Neutral,False
Business Daily Africa,SafariLink steps up fleet expansion as tourism boom fuels demand,"Sun, 19 Jul 2026 16:40:16 GMT",https://www.businessdailyafrica.com/bd/corporate/companies/safarilink-steps-up-fleet-expansion-as-tourism-boom-5531842,Positive,Positive,True
Business Daily Africa,M-Pesa joint venture in first Sh102m profit,"Sun, 19 Jul 2026 16:23:55 GMT",https://www.businessdailyafrica.com/bd/corporate/companies/m-pesa-joint-venture-in-first-sh102m-profit-5531822,Positive,Neutral,False
Business Daily Africa,Industrial sugar imports surge on improved product demand,"Sun, 19 Jul 2026 06:18:16 GMT",https://www.businessdailyafrica.com/bd/economy/industrial-sugar-imports-surge-on-improved-product-demand-5531310,Positive,Positive,True
Business Daily Africa,"At nearly 50, she's still pushing her body to new limits and it’s paying off","Fri, 17 Jul 2026 20:16:45 GMT",https://www.businessdailyafrica.com/bd/lifestyle/health-fitness/at-nearly-50-she-s-still-pushing-her-body-to-new-limits-5530360,Positive,Positive,True
Business Daily Africa,Kenya's new refugee arrivals dip nearly 70pc,"Fri, 17 Jul 2026 10:02:31 GMT",https://www.businessdailyafrica.com/bd/economy/kenya-new-refugee-arrivals-dip-5529820,Positive,Negative,False
Business Daily Africa,Gala honours young women driving impact,"Thu, 16 Jul 2026 18:05:54 GMT",https://www.businessdailyafrica.com/bd/news/gala-honours-young-women-driving-impact-5529552,Positive,Positive,True
Business Daily Africa,Stanbic taps Safaricom’s top strategy executive as CEO,"Thu, 16 Jul 2026 17:45:07 GMT",https://www.businessdailyafrica.com/bd/corporate/companies/stanbic-taps-safaricom-s-top-strategy-executive-as-ceo-5529534,Positive,Neutral,False
Business Daily Africa,"Williamson, Kapchorua pay UK parent Sh582m royalties and dividends","Sun, 19 Jul 2026 16:48:30 GMT",https://www.businessdailyafrica.com/bd/corporate/companies/williamson-kapchorua-pay-uk-parent-royalties-and-dividends-5531848,Positive,Neutral,False
Business Daily Africa,Stanbic Holdings pays Sh1.1bn franchise fee to SA parent firm,"Sun, 19 Jul 2026 16:35:43 GMT",https://www.businessdailyafrica.com/bd/corporate/companies/stanbic-holdings-pays-sh1-1bn-franchise-fee-to-sa-parent-firm-5531836,Positive,Neutral,False
Business Daily Africa,Heineken beats Sh56m fee claim by its lawyers,"Thu, 16 Jul 2026 17:03:24 GMT",https://www.businessdailyafrica.com/bd/corporate/companies/heineken-beats-sh56m-fee-claim-by-its-lawyers-5529488,Neutral,Neutral,True
Business Daily Africa,Banks to protect disputed funds after payment errors,"Thu, 16 Jul 2026 16:59:09 GMT",https://www.businessdailyafrica.com/bd/corporate/companies/banks-to-protect-disputed-funds-after-payment-errors-5529480,Neutral,Negative,False
Business Daily Africa,IVF demand surges in Kenya but the high cost locks out many couples,"Thu, 16 Jul 2026 14:35:55 GMT",https://www.businessdailyafrica.com/bd/corporate/health/ivf-demand-surges-in-kenya-but-the-high-cost-locks-out-many-5529278,Negative,Negative,True
Business Daily Africa,Rerec to integrate solar into 20 diesel power plants in cost-cutting push,"Thu, 16 Jul 2026 11:32:30 GMT",https://www.businessdailyafrica.com/bd/corporate/industry/rerec-to-integrate-solar-into-diesel-power-plants-5528816,Neutral,Neutral,True
Business Daily Africa,Insurers’ NSE portfolio climbs to four-year high amid rally,"Thu, 16 Jul 2026 15:44:15 GMT",https://www.businessdailyafrica.com/bd/markets/capital-markets/insurers-nse-portfolio-climbs-to-four-year-high-amid-rally-5529374,Positive,Positive,True
Business Daily Africa,Insurer MUA Kenya to get extra capital after Sh1.6bn hole,"Thu, 16 Jul 2026 14:29:44 GMT",https://www.businessdailyafrica.com/bd/corporate/companies/insurer-mua-kenya-to-get-extra-capital-after-sh1-6bn-hole-5529258,Neutral,Neutral,True
Business Daily Africa,Court shields KTDA from corruption probe over tea factory loans,"Sun, 19 Jul 2026 19:07:13 GMT",https://www.businessdailyafrica.com/bd/corporate/companies/court-shields-ktda-from-corruption-probe-over-tea-loans-5531926,Neutral,Neutral,True
Business Daily Africa,State ordered to produce key records in Kenya Pipeline sale,"Thu, 16 Jul 2026 16:48:14 GMT",https://www.businessdailyafrica.com/bd/economy/government-ordered-to-produce-records-in-kenya-pipeline-sale-5529468,Positive,Neutral,False
Business Daily Africa,Billionaire Kirima’s firm locked in rental income tax row,"Thu, 16 Jul 2026 09:24:04 GMT",https://www.businessdailyafrica.com/bd/corporate/companies/billionaire-kirima-s-firm-locked-in-rental-income-tax-row-5528554,Neutral,Neutral,True
Capital FM Kenya,President Ruto’s Website Restored as Government Rules Out Data Breach,"Sun, 19 Jul 2026 13:40:00 +0000",https://capitalfm.africa/president-rutos-website-restored-as-government-rules-out-data-breach/,Neutral,Neutral,True
Capital FM Kenya,"Gachagua Explains Why Ruto Lost Ol Kalou, Says Mt Kenya Revolt Is Just Beginning","Sun, 19 Jul 2026 13:09:51 +0000",https://capitalfm.africa/gachagua-explains-why-ruto-lost-ol-kalou-says-mt-kenya-revolt-is-just-beginning/,Neutral,Neutral,True
Capital FM Kenya,Kindiki: Mt Kenya Remains Firmly in Kenya Kwanza Despite Ol Kalou Setback,"Sun, 19 Jul 2026 12:07:07 +0000",https://capitalfm.africa/kindiki-mt-kenya-remains-firmly-in-kenya-kwanza-despite-ol-kalou-setback/,Neutral,Neutral,True
Capital FM Kenya,"Kindiki drops ‘fireman’ swagger after Ol Kalou loss, preaches humility","Sun, 19 Jul 2026 11:56:51 +0000",https://capitalfm.africa/kindiki-drops-fireman-swagger-after-ol-kalou-loss-preaches-humility/,Neutral,Neutral,True
Capital FM Kenya,Senate Backs Thika’s Elevation to City Status in Major Milestone for Kiambu,"Sun, 19 Jul 2026 10:00:00 +0000",https://capitalfm.africa/senate-backs-thikas-elevation-to-city-status-in-major-milestone-for-kiambu/,Positive,Neutral,False
Capital FM Kenya,Omollo: Don’t allow politicians to exploit you for violence,"Sun, 19 Jul 2026 09:43:29 +0000",https://capitalfm.africa/omollo-dont-allow-politicians-to-exploit-you-for-violence/,Positive,Negative,False
Capital FM Kenya,Linda Mwananchi Steps Up Campaign to Reclaim ODM’s Western Stronghold,"Sun, 19 Jul 2026 09:31:35 +0000",https://capitalfm.africa/linda-mwananchi-steps-up-campaign-to-reclaim-odms-western-stronghold/,Neutral,Neutral,True
Capital FM Kenya,ODM Hands Ottichilo Key Vihiga Role in Fresh Leadership Overhaul,"Sun, 19 Jul 2026 09:02:23 +0000",https://capitalfm.africa/odm-hands-ottichilo-key-vihiga-role-in-fresh-leadership-overhaul/,Neutral,Neutral,True
Capital FM Kenya,Facebook Outage Locks Out Thousands of Users as Platform Reports Temporary Site Issue,"Sun, 19 Jul 2026 08:46:08 +0000",https://capitalfm.africa/facebook-outage-locks-out-thousands-of-users-as-platform-reports-temporary-site-issue/,Negative,Negative,True
Capital FM Kenya,Kenya woos diplomats to back pharmaceutical manufacturing drive,"Sun, 19 Jul 2026 08:03:14 +0000",https://capitalfm.africa/kenya-woos-diplomats-to-back-pharmaceutical-manufacturing-drive/,Positive,Neutral,False
The East African,Africa climate disaster: Warnings have improved but preparedness still lags,"Sun, 19 Jul 2026 06:36:59 GMT",https://www.theeastafrican.co.ke/tea/sustainability/climate/africa-climate-disaster-warnings-and-preparedness-5531316,Negative,Negative,True
The East African,Matonya: My trial and tribulations in Kenya,"Sat, 18 Jul 2026 11:29:35 GMT",https://www.theeastafrican.co.ke/tea/magazine/matonya-my-trial-and-tribulations-in-kenya-5530752,Negative,Neutral,False
The East African,Signs of a steep ‘Mt Kenya’ climb for Ruto emerge after party’s loss in by-election,"Fri, 17 Jul 2026 18:45:38 GMT",https://www.theeastafrican.co.ke/tea/news/east-africa/signs-of-a-steep-mt-kenya-climb-for-ruto-5530480,Neutral,Neutral,True
The East African,Washington’s attacks on ICC pose dilemma for its African partners,"Fri, 17 Jul 2026 22:56:13 GMT",https://www.theeastafrican.co.ke/tea/news/world/washington-attacks-on-icc-pose-dilemma-for-its-african-partners-5530612,Neutral,Negative,False
The East African,How Africa’s power politics became a high stakes affair,"Fri, 17 Jul 2026 19:58:57 GMT",https://www.theeastafrican.co.ke/tea/news/east-africa/how-africa-s-power-politics-became-a-high-stakes-affair-5530600,Neutral,Neutral,True
The East African,"7 Americans quarantine at Kenya Ebola facility, Aid group says","Fri, 17 Jul 2026 09:05:24 GMT",https://www.theeastafrican.co.ke/tea/sustainability/health/7-americans-quarantine-at-kenya-ebola-facility-5529762,Negative,Neutral,False
The East African,Macky Sall reaches out for ‘handshake’ with Faye,"Thu, 16 Jul 2026 10:00:22 GMT",https://www.theeastafrican.co.ke/tea/news/west-africa/macky-sall-reaches-out-for-handshake-with-faye-over-un-top-job-5528640,Neutral,Neutral,True
The East African,The problem with Africa’s financial architecture,"Thu, 16 Jul 2026 07:30:31 GMT",https://www.theeastafrican.co.ke/tea/business-tech/the-problem-with-africa-s-financial-architecture-5528374,Negative,Negative,True
The East African,Uganda discharges last Ebola patient,"Thu, 16 Jul 2026 14:14:42 GMT",https://www.theeastafrican.co.ke/tea/sustainability/health/uganda-discharges-last-ebola-patient-5529232,Positive,Neutral,False
The East African,Opinion divided on Rwanda-Aston Villa sponsorship deal,"Thu, 16 Jul 2026 08:49:04 GMT",https://www.theeastafrican.co.ke/tea/business-tech/opinion-divided-on-rwanda-aston-villa-sponsorship-deal-5528512,Neutral,Neutral,True
The East African,"Kenyan court freezes Burundian firm’s $274,000","Tue, 14 Jul 2026 05:16:15 GMT",https://www.theeastafrican.co.ke/tea/news/east-africa/kenyan-court-freezes-burundian-firm-account-money-laundering-5526198,Positive,Neutral,False
The East African,Congo forms new council in push for war crimes justice,"Wed, 15 Jul 2026 13:21:42 GMT",https://www.theeastafrican.co.ke/tea/news/east-africa/congo-forms-new-council-in-push-for-war-crimes-justice-5527890,Positive,Neutral,False
The East African,Somalia detains four youth for 'desecrating US flag,"Tue, 14 Jul 2026 07:57:21 GMT",https://www.theeastafrican.co.ke/tea/news/east-africa/somalia-detains-four-youth-for-desecrating-us-flag-5526314,Neutral,Negative,False
The East African,"Sudan’s RSF leader Hemedti, 15 others sentenced to death by hanging","Mon, 13 Jul 2026 13:55:57 GMT",https://www.theeastafrican.co.ke/tea/news/north-africa/sudan-s-rsf-leader-hemedti-15-others-sentenced-to-death-5525756,Positive,Negative,False
The East African,"Uganda still low-income as Kenya, Tanzania hold lower-middle-income status","Sat, 11 Jul 2026 21:30:51 GMT",https://www.theeastafrican.co.ke/tea/business-tech/uganda-still-low-income-kenya-tanzania-lower-middle-income-5524450,Neutral,Neutral,True
The East African,Afreximbank banks on intra-African trade,"Sat, 11 Jul 2026 21:25:22 GMT",https://www.theeastafrican.co.ke/tea/business-tech/afreximbank-banks-on-intra-african-trade-5524444,Positive,Neutral,False
The East African,OECD pricing reforms to affect multinationals,"Sat, 11 Jul 2026 21:19:33 GMT",https://www.theeastafrican.co.ke/tea/business-tech/oecd-pricing-reforms-to-affect-multinationals-5524448,Neutral,Neutral,True
The East African,Uganda bets on oil city as East Africa’s petrochemical Hub,"Sat, 11 Jul 2026 14:14:28 GMT",https://www.theeastafrican.co.ke/tea/business-tech/uganda-bets-on-oil-city-as-east-africa-s-petrochemical-hub-5524278,Positive,Neutral,False
The East African,Africa in ‘reverse remittances’ as cost of visa to the West rises,"Fri, 10 Jul 2026 21:58:27 GMT",https://www.theeastafrican.co.ke/tea/business-tech/africa-in-reverse-remittances-cost-of-visa-to-the-west-rises-5524106,Positive,Neutral,False
The East African,Tanzania ahead of peers in trading under AfCFTA,"Fri, 10 Jul 2026 21:26:10 GMT",https://www.theeastafrican.co.ke/tea/business-tech/tanzania-ahead-of-peers-in-trading-under-afcfta-5524096,Positive,Neutral,False
Kenyans.co.ke,"Meaning of ETC, MTC, and Other Markings on Nairobi Expressway",2026-07-19T19:32:22+0300,https://www.kenyans.co.ke/news/125417-meaning-etc-mtc-and-other-markings-nairobi-expressway,Neutral,Neutral,True
Kenyans.co.ke,Pressure on Sifuna as Gachagua Team Makes Stand on 2027 Presidential Race,2026-07-19T18:17:12+0300,https://www.kenyans.co.ke/news/125416-njeri-maina-challenges-opposition-co-principals-face-gachagua-presidential-race,Neutral,Neutral,True
Kenyans.co.ke,Immigration Department Makes Major Changes to Passport Application,2026-07-19T17:21:30+0300,https://www.kenyans.co.ke/news/125415-immigration-revises-passport-application-rules-makes-recommending-officer-optional,Neutral,Neutral,True
Kenyans.co.ke,"Bandits Ambush Police, Trigger Fierce Gunfight",2026-07-19T16:18:09+0300,https://www.kenyans.co.ke/news/125414-police-repel-bandit-gun-attack-recover-45-stolen-cattle,Negative,Neutral,False
Kenyans.co.ke,President's Official Website Restored After Reported Cyberattack,2026-07-19T15:12:03+0300,https://www.kenyans.co.ke/news/125412-presidents-official-website-restored-after-reported-cyberattack,Positive,Neutral,False
Kenyans.co.ke,CS Ogamba Gives New Orders on School Fees,2026-07-19T14:40:17+0300,https://www.kenyans.co.ke/news/125411-education-cs-ogamba-warns-principals-against-illegal-school-levies,Positive,Neutral,False
Kenyans.co.ke,Journalist Alleges Death Threats Over Dangote's Lamu Refinery Plan,2026-07-19T14:33:43+0300,https://www.kenyans.co.ke/news/125409-journalist-ferdinand-omondi-reports-death-threats-over-dangote-lamu-refinery,Negative,Negative,True
Kenyans.co.ke,Court Deals Blow to Digital Lenders Over Excessive Interest Charges,2026-07-19T14:24:33+0300,https://www.kenyans.co.ke/news/125410-court-bars-digital-lenders-recovering-excessive-interest-unexplained-charges,Positive,Negative,False
Kenyans.co.ke,Infotrak Explains Poll That Projected UDA Win in Ol Kalou,2026-07-19T13:36:42+0300,https://www.kenyans.co.ke/news/125408-infotrack-disowns-fake-ol-kalou-election-opinion-poll,Neutral,Neutral,True
Kenyans.co.ke,Lobby Group Demands Audit of IEBC KIEMS After Ol Kalou By-Election,2026-07-19T13:23:14+0300,https://www.kenyans.co.ke/news/125407-elog-raises-security-kiems-concerns-over-ol-kalou-election,Positive,Neutral,False
Kenyans.co.ke,Kenya Railways Gives Update on Construction of Line Linking Kenya to Tanzania,2026-07-19T12:50:28+0300,https://www.kenyans.co.ke/news/125406-construction-voi-taveta-railway-project-reaches-70-completion-milestone,Positive,Neutral,False
Kenyans.co.ke,High Court Announces Plan to Destroy Jomo-Moi-Kibaki Era Court Records,2026-07-19T12:38:53+0300,https://www.kenyans.co.ke/news/125405-high-court-destroy-court-records-spanning-35-years,Neutral,Negative,False
Kenyans.co.ke,Health Experts Raise Alarm Over Rising Cervical Cancer Cases,2026-07-19T12:10:04+0300,https://www.kenyans.co.ke/news/125404-health-experts-raise-alarm-over-rising-cervical-cancer-cases,Negative,Neutral,False
Kenyans.co.ke,State Gives Update on New Project Aimed at Lowering Cooking Gas Prices,2026-07-19T11:30:39+0300,https://www.kenyans.co.ke/news/125403-govt-says-dongo-kundu-taifa-gas-terminal-nears-completion,Positive,Neutral,False
Kenyans.co.ke,"U.S. Issues Worldwide Security, Travel Advisory Covering Kenya",2026-07-19T11:16:13+0300,https://www.kenyans.co.ke/news/125401-us-issues-worldwide-security-alert-citizens-including-those-kenya,Negative,Neutral,False
Kenyans.co.ke,Facebook Hit by Global Outage Affecting Users,2026-07-19T11:08:34+0300,https://www.kenyans.co.ke/news/125402-facebook-hit-outage-affecting-pc-users-kenya,Negative,Negative,True
Kenyans.co.ke,KRA Gives Traders New 30-Day Notice on Goods,2026-07-19T10:40:41+0300,https://www.kenyans.co.ke/news/125400-kra-gives-importers-30-days-claim-goods-or-face-auction,Positive,Neutral,False
Kenyans.co.ke,Murkomen Faces Fresh Resignation Calls Ahead of 2027 General Elections,2026-07-19T09:35:23+0300,https://www.kenyans.co.ke/news/125399-machakos-dg-demands-murkomens-resignation-over-rising-goonism,Positive,Neutral,False
Kenyans.co.ke,"NLC, KeNHA Issue Notice to Landowners Over Airport, Road Expansion",2026-07-19T09:18:19+0300,https://www.kenyans.co.ke/news/125398-nlc-acquire-land-kabunde-airstrip-expansion-homabay-rongo-road-realignment,Neutral,Neutral,True
Kenyans.co.ke,Court Orders Freeze on Over Ksh 100M Held by Two Kenyans,2026-07-19T08:58:46+0300,https://www.kenyans.co.ke/news/125397-high-court-freezes-ksh105-million-held-two-kenyans-crypto-bank-accounts,Neutral,Neutral,True
K24,Former FIFA World Cup official dismisses favouritism reports,"Sun, 19 Jul 2026 23:38:35 +0000",https://k24.digital/sports/world-cup/former-fifa-world-cup-official-dismisses-favouritism-reports,Positive,Neutral,False
K24,FIFA World Cup: Life lessons we can learn from football,"Sun, 19 Jul 2026 23:24:27 +0000",https://k24.digital/sports/world-cup/fifa-world-cup-life-lessons-we-can-learn-from-football,Positive,Positive,True
K24,"Mbappé wins Golden Boot as Rodri, Simón headline 2026 World Cup individual awards","Sun, 19 Jul 2026 23:03:16 +0000",https://k24.digital/sports/world-cup/mbappe-wins-golden-boot-as-rodri-simon-headline-2026-world-cup-individual-awards,Positive,Positive,True
K24,Dozens missing after passenger ferry sinks off coast of Guyana,"Sun, 19 Jul 2026 22:43:58 +0000",https://k24.digital/news/dozens-missing-after-passenger-ferry-sinks-off-coast-of-guyana,Negative,Neutral,False
K24,Spain crowned 2026 FIFA World Cup champions after edging Argentina in historic New York final,"Sun, 19 Jul 2026 22:22:40 +0000",https://k24.digital/sports/world-cup/spain-crowned-2026-fifa-world-cup-champions-after-edging-argentina-in-historic-new-york-final,Positive,Positive,True
K24,Here’s the amount Argentina will receive for reaching 2026 World Cup Final,"Sun, 19 Jul 2026 22:15:52 +0000",https://k24.digital/sports/world-cup/heres-the-amount-argentina-will-receive-for-reaching-2026-world-cup-final,Positive,Neutral,False
K24,Here’s the amount Spain will receive for winning World Cup 2026,"Sun, 19 Jul 2026 22:08:41 +0000",https://k24.digital/sports/world-cup/heres-the-amount-spain-will-receive-for-winning-world-cup-2026,Positive,Neutral,False
K24,Lenacapavir: The HIV injection people are dangerously misunderstanding,"Sun, 19 Jul 2026 21:57:26 +0000",https://k24.digital/lifestyle/health-and-fitness/lenacapavir-the-hiv-injection-people-are-dangerously-misunderstanding,Positive,Negative,False
K24,Key reasons why some employees actually look forward to Mondays,"Sun, 19 Jul 2026 21:08:05 +0000",https://k24.digital/lifestyle/life-hacks/key-reasons-why-some-employees-actually-look-forward-to-mondays,Neutral,Positive,False
K24,Five habits that can make your Monday more productive,"Sun, 19 Jul 2026 20:30:05 +0000",https://k24.digital/lifestyle/life-hacks/five-habits-that-can-make-your-monday-more-productive,Positive,Positive,True
K24,FIFA World Cup 2026: Follow Spain vs Argentina match live here,"Sun, 19 Jul 2026 20:10:56 +0000",https://k24.digital/sports/world-cup/fifa-world-cup-2026-follow-spain-vs-argentina-match-live-here,Positive,Neutral,False
K24,How to beat the Monday blues after a long weekend,"Sun, 19 Jul 2026 20:01:21 +0000",https://k24.digital/lifestyle/mental-wellnes/how-to-beat-the-monday-blues-after-a-long-weekend,Positive,Neutral,False
K24,What makes a World Cup Final so special?,"Sun, 19 Jul 2026 19:21:27 +0000",https://k24.digital/mytake/what-makes-a-world-cup-final-so-special,Positive,Positive,True
K24,Spain vs Argentina: Line ups revealed as Yamal and Messi stand eyeball to eyeball for World Cup glory,"Sun, 19 Jul 2026 18:24:38 +0000",https://k24.digital/sports/world-cup/spain-vs-argentina-line-ups-revealed-as-yamal-and-messi-go-eyeball-to-eyeball-for-world-cup-glory,Positive,Neutral,False
K24,"Who will win World Cup, Spain or Argentina? Supercomputer predicts champion","Sun, 19 Jul 2026 18:13:18 +0000",https://k24.digital/sports/world-cup/who-will-win-world-cup-spain-or-argentina-supercomputer-predicts-champion,Neutral,Neutral,True
K24,Gospel singer Stella Mengele reveals family prepared for mother’s death before cancer miracle,"Sun, 19 Jul 2026 17:47:20 +0000",https://k24.digital/entertainment/celebrity/gospel-singer-stella-mengele-reveals-family-prepared-for-mothers-death-before-cancer-miracle,Negative,Neutral,False
K24,South America vs Europe rivalry in numbers at the World Cup finals,"Sun, 19 Jul 2026 17:21:10 +0000",https://k24.digital/sports/world-cup/south-america-vs-europe-rivalry-in-numbers-at-the-world-cup-finals,Positive,Neutral,False
K24,Home sounds that mean something is wrong,"Sun, 19 Jul 2026 17:14:19 +0000",https://k24.digital/lifestyle/home-and-living/home-sounds-that-mean-something-is-wrong,Neutral,Negative,False
K24,How salt affects athletic performance,"Sun, 19 Jul 2026 17:11:35 +0000",https://k24.digital/lifestyle/health-and-fitness/how-salt-affects-athletic-performance,Neutral,Neutral,True
K24,"Kai Cenat forced to use chopper after Streamer University students sneak out, hold huge party","Sun, 19 Jul 2026 16:21:29 +0000",https://k24.digital/entertainment/celebrity/kai-cenat-forced-to-use-chopper-after-streamer-university-students-sneak-out-hold-huge-party,Neutral,Neutral,True
K24,Kenya Power lists areas facing Monday blackout,"Sun, 19 Jul 2026 16:11:00 +0000",https://k24.digital/news/kenya-power-lists-areas-facing-monday-blackout,Neutral,Neutral,True
K24,Do you know how the World Cup trophy is made? This is how,"Sun, 19 Jul 2026 16:03:42 +0000",https://k24.digital/sports/world-cup/do-you-know-how-the-world-cup-trophy-is-made-this-is-how,Neutral,Neutral,True
K24,What chronic phone checking is doing to attention spans,"Sun, 19 Jul 2026 15:34:16 +0000",https://k24.digital/lifestyle/mental-wellnes/what-chronic-phone-checking-is-doing-to-attention-spans,Positive,Negative,False
K24,Lulu Hassan emotional as woman remembers her from school after more than 30 years,"Sun, 19 Jul 2026 15:04:29 +0000",https://k24.digital/entertainment/celebrity/lulu-hassan-emotional-as-woman-remembers-her-from-school-after-more-than-30-years,Positive,Neutral,False
K24,Makueni Huduma Centre extends working hours from 7am to 7pm,"Sun, 19 Jul 2026 14:34:04 +0000",https://k24.digital/news/makueni-huduma-centre-extends-working-hours-from-7am-to-7pm,Positive,Neutral,False
K24,"Spain or Argentina, who will win the FIFA World Cup? Owen, Zlatan and John Terry give their predictions","Sun, 19 Jul 2026 13:58:53 +0000",https://k24.digital/sports/world-cup/spain-or-argentina-who-will-win-the-fifa-world-cup-owen-zlatan-and-john-terry-give-their-predictions,Neutral,Neutral,True
K24,Pastor Kanyari recalls questioning his own anointing after woman he prayed for got twins,"Sun, 19 Jul 2026 13:54:31 +0000",https://k24.digital/entertainment/celebrity/pastor-kanyari-recalls-questioning-his-own-anointing-after-woman-he-prayed-for-got-twins,Neutral,Neutral,True
K24,How to spot scammers on Ziidi Trader,"Sun, 19 Jul 2026 13:50:16 +0000",https://k24.digital/lifestyle/money/how-to-spot-scammers-on-ziidi-trader,Positive,Negative,False
K24,"Merci, Didier Deschamps! Coach’s historic 14-year reign as France’s tactician ends","Sun, 19 Jul 2026 13:36:46 +0000",https://k24.digital/sports/world-cup/merci-didier-deschamps-coachs-historic-14-year-reign-as-frances-tactician-ends,Neutral,Positive,False
K24,‘Harusi tunayo’: Anne Waiguru confirms wedding plans after son Don’s Ngurario ceremony,"Sun, 19 Jul 2026 12:43:21 +0000",https://k24.digital/entertainment/events/harusi-tunayo-anne-waiguru-confirms-wedding-plans-after-son-dons-ngurario-ceremony,Neutral,Neutral,True
KBC,Prabowo Subianto: Indonesia becomes first country in world to introduce biodiesel containing 50% palm oil,"Sun, 19 Jul 2026 17:47:52 +0000",https://www.kbc.co.ke/prabowo-subianto-indonesia-becomes-first-country-in-world-to-introduce-biodiesel-containing-50-palm-oil/,Positive,Neutral,False
KBC,Presidential aspirant Onyango Oloo seeks Mt. Kenya support,"Sun, 19 Jul 2026 14:26:01 +0000",https://www.kbc.co.ke/presidential-aspirant-onyango-oloo-seeks-mt-kenya-support/,Neutral,Neutral,True
KBC,Probe launched into alleged goon activity in Ol Kalou,"Sun, 19 Jul 2026 14:13:00 +0000",https://www.kbc.co.ke/probe-launched-into-alleged-goon-activity-in-ol-kalou/,Positive,Negative,False
KBC,First global intergovernmental AI cooperation organization,"Sun, 19 Jul 2026 08:29:53 +0000",https://www.kbc.co.ke/first-global-intergovernmental-ai-cooperation-organization/,Positive,Neutral,False
KBC,Xi voices firm support for UN in meeting with Guterres,"Sun, 19 Jul 2026 08:25:12 +0000",https://www.kbc.co.ke/xi-voices-firm-support-for-un-in-meeting-with-guterres/,Positive,Positive,True
KBC,Enziu River Bridge nears completion as Govt commits more funds,"Sun, 19 Jul 2026 08:22:25 +0000",https://www.kbc.co.ke/enziu-river-bridge-nears-completion-as-govt-commits-more-funds/,Positive,Positive,True
KBC,Ol Kalou residents lauded for defending democratic space,"Sun, 19 Jul 2026 08:05:17 +0000",https://www.kbc.co.ke/ol-kalou-residents-lauded-for-defending-democratic-space/,Positive,Positive,True
KBC,‎Tharaka Nithi to establish constituency museums to preserve cultural heritage,"Sun, 19 Jul 2026 08:00:31 +0000",https://www.kbc.co.ke/tharaka-nithi-to-establish-constituency-museums-to-preserve-cultural-heritage/,Positive,Neutral,False
KBC,Fear grips Ruiru as mysterious attacker bites victims in night assaults,"Sun, 19 Jul 2026 07:33:29 +0000",https://www.kbc.co.ke/fear-grips-ruiru-as-mysterious-attacker-bites-victims-in-night-assaults/,Negative,Negative,True
KBC,Global leaders back new framework for AI governance at Shanghai Summit,"Sat, 18 Jul 2026 22:42:24 +0000",https://www.kbc.co.ke/global-leaders-back-new-framework-for-ai-governance-at-shanghai-summit/,Positive,Positive,True
Kenya News Agency,Koskei calls for shift to high-value crops to transform Mt Elgon economy,"Sun, 19 Jul 2026 13:06:54 +0000",https://www.kenyanews.go.ke/koskei-calls-for-shift-to-high-value-crops-to-transform-mt-elgon-economy/,Positive,Neutral,False
Kenya News Agency,Uasin Gishu launches football tournament to nurture youth talent,"Sun, 19 Jul 2026 13:04:01 +0000",https://www.kenyanews.go.ke/uasin-gishu-launches-football-tournament-to-nurture-youth-talent/,Positive,Positive,True
Kenya News Agency,Over 20 teams set for action-packed Prinsloo Sevens Championship,"Sun, 19 Jul 2026 13:01:58 +0000",https://www.kenyanews.go.ke/over-20-teams-set-for-action-packed-prinsloo-sevens-championship/,Positive,Neutral,False
Kenya News Agency,Archbishop warns youth against political exploitation and violent gangs,"Sun, 19 Jul 2026 12:59:26 +0000",https://www.kenyanews.go.ke/archbishop-warns-youth-against-political-exploitation-and-violent-gangs/,Positive,Neutral,False
Standard - Headlines,Political earthquake: The making of tired but defiant voters,"Mon, 20 Jul 2026 08:40:00 +0300",https://www.standardmedia.co.ke/article/2001553223/political-earthquake-the-making-of-tired-but-defiant-voters,Positive,Neutral,False
Standard - Headlines,Why public servants have less than a month to update pension records,"Sat, 18 Jul 2026 18:33:00 +0300",https://www.standardmedia.co.ke/article/2001553092/why-public-servants-have-less-than-a-month-to-update-pension-records,Neutral,Negative,False
Standard - Headlines,Inside Kenya's Ebola defences as seven Americans enter quarantine,"Fri, 17 Jul 2026 16:33:43 +0300",https://www.standardmedia.co.ke/article/2001553086/inside-kenya-s-ebola-defences-as-seven-americans-enter-quarantine,Positive,Neutral,False
Standard - Headlines,MPs push for urgent resolution of higher education funding crisis,"Thu, 16 Jul 2026 18:27:20 +0300",https://www.standardmedia.co.ke/article/2001552991/mps-push-for-urgent-resolution-of-higher-education-funding-crisis,Positive,Neutral,False
Standard - Headlines,High court suspends President Ruto's executive order placing IPOA under Interior Ministry,"Wed, 15 Jul 2026 20:15:39 +0300",https://www.standardmedia.co.ke/article/2001552906/high-court-suspends-president-ruto-s-executive-order-placing-ipoa-under-interior-ministry,Neutral,Neutral,True
Standard - Headlines,Gachagua accuses IEBC of bias ahead of Ol Kalou by-election,"Tue, 14 Jul 2026 19:33:18 +0300",https://www.standardmedia.co.ke/article/2001552811/gachagua-accuses-iebc-of-bias-ahead-of-ol-kalou-by-election,Negative,Negative,True
Standard - Headlines,Wetang'ula risks jail over alleged breach of court orders on political campaigns,"Mon, 13 Jul 2026 16:39:03 +0300",https://www.standardmedia.co.ke/article/2001552695/wetang-ula-risks-jail-over-alleged-breach-of-court-orders-on-political-campaigns,Positive,Negative,False
Standard - Headlines,"Oburu declares ODM won't field presidential candidate, endorses Ruto","Sun, 12 Jul 2026 17:51:07 +0300",https://www.standardmedia.co.ke/article/2001552630/oburu-declares-odm-won-t-field-presidential-candidate-endorses-ruto,Neutral,Neutral,True
Standard - Headlines,Why Linda Mwananchi leaders cancelled Ol Kalou tour,"Sat, 11 Jul 2026 20:29:32 +0300",https://www.standardmedia.co.ke/article/2001552582/why-linda-mwananchi-leaders-cancelled-ol-kalou-tour,Neutral,Negative,False
Standard - Headlines,"Karua condemns convoy attack, blames police lapse","Fri, 10 Jul 2026 20:58:00 +0300",https://www.standardmedia.co.ke/article/2001552520/karua-condemns-convoy-attack-blames-police-lapse,Positive,Negative,False
Standard - Headlines,Registrar of Political Parties okays Sifuna's removal as ODM secretary general,"Thu, 09 Jul 2026 20:17:21 +0300",https://www.standardmedia.co.ke/article/2001552431/registrar-of-political-parties-okays-sifuna-s-removal-as-odm-secretary-general,Positive,Neutral,False
Standard - Headlines,Ndindi Nyoro seeks annulment of Safaricom stake sale,"Wed, 08 Jul 2026 20:11:00 +0300",https://www.standardmedia.co.ke/article/2001552322/ndindi-nyoro-seeks-annulment-of-safaricom-stake-sale,Positive,Neutral,False
Standard - Headlines,Kalonzo condemns police over their conduct during Saba Saba Day,"Tue, 07 Jul 2026 20:49:00 +0300",https://www.standardmedia.co.ke/article/2001552263/kalonzo-condemns-police-over-their-conduct-during-saba-saba-day,Positive,Negative,False
Standard - Headlines,"Kenya Kwanza leaders tell Uhuru to stay out of politics, act like a statesman","Mon, 06 Jul 2026 16:04:17 +0300",https://www.standardmedia.co.ke/article/2001552150/kenya-kwanza-leaders-tell-uhuru-to-stay-out-of-politics-act-like-a-statesman,Neutral,Neutral,True
Standard - Headlines,Opposition warns Kenya is sliding into anarchy amid rising political violence,"Sun, 05 Jul 2026 17:12:57 +0300",https://www.standardmedia.co.ke/article/2001552082/opposition-warns-kenya-is-sliding-into-anarchy-amid-rising-political-violence,Negative,Negative,True
Standard - Headlines,Kalonzo: Sale of Safaricom was a national abduction,"Sat, 04 Jul 2026 18:00:40 +0300",https://www.standardmedia.co.ke/article/2001552028/kalonzo-sale-of-safaricom-was-a-national-abduction,Negative,Negative,True
Standard - Headlines,Inside NTSA's move to take instant traffic fine payments off eCitizen,"Wed, 01 Jul 2026 15:35:20 +0300",https://www.standardmedia.co.ke/article/2001551780/inside-ntsa-s-move-to-take-instant-traffic-fine-payments-off-ecitizen,Positive,Neutral,False
Standard - Headlines,Court orders Ruto to reshuffle Cabinet within 120 Days,"Tue, 30 Jun 2026 20:24:04 +0300",https://www.standardmedia.co.ke/article/2001551714/court-orders-ruto-to-reshuffle-cabinet-within-120-days,Positive,Neutral,False
Standard - Headlines,Russia begins process to compensate kin of Kenyans killed in Ukraine war,"Sun, 28 Jun 2026 15:00:57 +0300",https://www.standardmedia.co.ke/article/2001551509/russia-begins-process-to-compensate-kin-of-kenyans-killed-in-ukraine-war,Positive,Neutral,False
Standard - Headlines,"Six protesters found dumped, tortured after arrest at Gen Z memorial march","Sat, 27 Jun 2026 18:39:56 +0300",https://www.standardmedia.co.ke/article/2001551456/six-protesters-found-dumped-tortured-after-arrest-at-gen-z-memorial-march,Negative,Negative,True
Standard - Headlines,IG Kanja faces jail for contempt over roadblocks during protests,"Fri, 26 Jun 2026 20:14:36 +0300",https://www.standardmedia.co.ke/article/2001551391/ig-kanja-faces-jail-for-contempt-over-roadblocks-during-protests,Positive,Negative,False
Standard - Headlines,355 people arrested as Murkomen hails peaceful anniversary protests,"Thu, 25 Jun 2026 19:00:00 +0300",https://www.standardmedia.co.ke/article/2001551303/355-people-arrested-as-murkomen-hails-peaceful-anniversary-protests,Negative,Negative,True
Standard - Headlines,"Luo nation will not take part in protests, MPs say","Wed, 24 Jun 2026 20:19:00 +0300",https://www.standardmedia.co.ke/article/2001551221/luo-nation-will-not-take-part-in-protests-mps-say,Positive,Negative,False
Standard - Headlines,Duale summoned for contempt sentencing over Ebola quarantine facility,"Mon, 22 Jun 2026 16:36:19 +0300",https://www.standardmedia.co.ke/article/2001550991/duale-summoned-for-contempt-sentencing-over-ebola-quarantine-facility,Positive,Negative,False
Standard - Headlines,Why Kalonzo's calm resolve and Sifuna's fire are the winning bet,"Sun, 21 Jun 2026 16:05:00 +0300",https://www.standardmedia.co.ke/article/2001550893/why-kalonzo-s-calm-resolve-and-sifuna-s-fire-are-the-winning-bet,Positive,Positive,True
Standard - Headlines,Three nursing gunshot wounds in rally chaos linked to MP,"Fri, 19 Jun 2026 19:35:00 +0300",https://www.standardmedia.co.ke/article/2001550780/three-nursing-gunshot-wounds-in-rally-chaos-linked-to-mp,Negative,Negative,True
Standard - Headlines,"Kenya to benefit from G7-backed financial reforms, Ruto says","Wed, 17 Jun 2026 20:15:01 +0300",https://www.standardmedia.co.ke/article/2001550603/kenya-to-benefit-from-g7-backed-financial-reforms-ruto-says,Positive,Positive,True
Standard - Headlines,"SHA hasn't paid healthcare centres Sh5.5b since February, say workers","Tue, 16 Jun 2026 08:50:00 +0300",https://www.standardmedia.co.ke/article/2001550507/sha-hasn-t-paid-healthcare-centres-sh5-5b-since-february-say-workers,Negative,Negative,True
Standard - Headlines,"Kang'ata attends Linda Mwananchi rally in Thika, criticises Ruto policies","Sun, 14 Jun 2026 18:17:44 +0300",https://www.standardmedia.co.ke/article/2001550328/kang-ata-attends-linda-mwananchi-rally-in-thika-criticises-ruto-policies,Neutral,Negative,False
Standard - Headlines,Opposition unveils 'People's Budget' ahead of 202627 fiscal plan,"Wed, 10 Jun 2026 19:28:29 +0300",https://www.standardmedia.co.ke/article/2001550016/opposition-unveils-people-s-budget-ahead-of-202627-fiscal-plan,Neutral,Neutral,True
Standard - Kenya News,"Ruai, Kariobangi upgrade expand Nairobi sewer treatment plant","Thu, 16 Jul 2026 21:17:23 +0300",https://www.standardmedia.co.ke/article/2001553017/ruai-kariobangi-upgrade-expand-nairobi-sewer-treatment-plant,Positive,Neutral,False
Standard - Kenya News,Methu warns against hooded police as Ol Kalou's polls continue,"Thu, 16 Jul 2026 11:36:02 +0300",https://www.standardmedia.co.ke/article/2001552939/methu-warns-against-hooded-police-as-ol-kalou-s-polls-continue,Negative,Negative,True
Standard - Kenya News,Ol Kalou by-election: DCP's Sammy Kamau says victory guaranteed,"Thu, 16 Jul 2026 11:26:13 +0300",https://www.standardmedia.co.ke/article/2001552937/ol-kalou-by-election-dcp-s-sammy-kamau-says-victory-guaranteed,Positive,Neutral,False
Standard - Kenya News,British High Commissioner visits Laikipia County,"Tue, 14 Jul 2026 21:51:39 +0300",https://www.standardmedia.co.ke/article/2001552823/british-high-commissioner-visits-laikipia-county,Positive,Neutral,False
Thewill News,WAFCON 2026 Delayed At Last Minute: Here Are 7 Reasons Fans Won’t Regret The Wait,24/07/2026 21:04,https://thewillnews.com/wafcon-2026-delayed-at-last-minute-here-are-7-reasons-fans-wont-regret-the-wait/,Positive,Neutral,False
KBC,Senator Methu claims recent intense by-election campaign led to weight loss,"Wed, 22 Jul 2026 05:45:56 +0000",https://www.kbc.co.ke/senator-methu-claims-recent-intense-by-election-campaign-led-to-weight-loss/,Negative,Neutral,False
Citizen Digital (via Google News),Ebola: 7 Americans quarantined in Kenya after US travel ban - Citizen Digital,"Fri, 17 Jul 2026 12:44:37 GMT",https://news.google.com/rss/articles/CBMinwFBVV95cUxOcTdRMUY0NmhIeWpxSWJhRmhGUVA3TC13bjVTTlNVTENhX084Qi1pbTc1aHZzZ3N2T0VCVFlIOUFKd0VwRnZxQldpeWQ2N3lKN0IwMDUzNHFvVV9yV05DSkhuYTBXdGVkbzFxZnphaHNGbnpGR09FUzZwNWlVU05jTTRVTE5UelY4NWZqdVk2dXo3bXVJVzc5V01YMEFQLVU?oc=5,Neutral,Neutral,True
Business Daily Africa,State ordered to produce key records in Kenya Pipeline sale,"Thu, 16 Jul 2026 16:48:14 GMT",https://www.businessdailyafrica.com/bd/economy/government-ordered-to-produce-records-in-kenya-pipeline-sale-5529468,Neutral,Neutral,True
The Star,Tusker plot fast start at Kagame Cup as pre-season preps gather paceTusker kick off their Group C fixtures against Sudanese giants Al Hilal SC on Sunday at the Amahoro Stadium.,,https://www.the-star.co.ke/sports/football/2026-07-24-tusker-plot-fast-start-at-kagame-cup-as-pre-season-preps-gather-pace-1,Positive,Neutral,False
Standard - Business,How Kenya's green energy revolution is attracting global climate capital,"Tue, 21 Jul 2026 06:00:00 +0300",https://www.standardmedia.co.ke/business/article/2001553315/how-kenya-s-green-energy-revolution-is-attracting-global-climate-capital,Positive,Positive,True
Newsroom,Comm Games Day 1: Semi-sweet first medal for Erika Fairweather,24/07/2026 21:20,https://newsroom.co.nz/2026/07/25/comm-games-day-1-semi-sweet-first-medal-for-erika-fairweather/,Positive,Neutral,False
World News API,Azerbaijan lists banks by their operational expenses,,,Neutral,Neutral,True
K24 Tv,Crowds gather in Kisumu to receive TikToker Zack Apela’s body days after his death in US,24/07/2026 21:19,https://k24.digital/entertainment/celebrity/crowds-gather-in-kisumu-to-receive-tiktoker-zack-apelas-body-days-after-his-death-in-us,Negative,Neutral,False
NewsData.io,Tributes Pour In After Former TUM Student Leader Dies Following Medical Emergency,,,Negative,Negative,True
People Daily,Poor harvest before El Niño: Kenya faces double food security threat as rains shift to January,24/07/2026 22:52,https://peopledaily.digital/news/poor-harvest-before-el-nino-kenya-faces-double-food-security-threat-as-rains-shift-to-january,Negative,Negative,True
The Star,"GT Bank managing director to exit as sector shake-up continuesThe lender said the MD has been recalled to parent company Guaranty Trust Bank Limited in Nigeria,",,https://www.the-star.co.ke/business/kenya/2026-07-20-gt-bank-managing-director-to-exit-as-sector-shake-up-continues,Neutral,Neutral,True
Citizen Digital (via Google News),"Fresh petition filed to remove Kenya Re CEO Hillary Wachinga over mismanagement, staff harassment claims - Citizen Digital","Fri, 24 Jul 2026 08:12:35 GMT",https://news.google.com/rss/articles/CBMi2wFBVV95cUxNOEthRnJ2YW5NRlpxX3dyb3h1QmxhODlnWUttaDNfaFBHUE1lLVdQakNVU3FRcjM1TV96UmlRbXEydWRoTXBMTGUyN0drOTN3TGxpQWlUemJSX1E1dk5rQnpnZVgzdGtzWDluYVh5TncwMXJpLWplWDRuWU1PVWZiYjZISk83bFdZc2pwdlpHTURqcDc0TkFhbGhpOFdHb0tsa2w3V2pHOHJlUVM5am40N3pLczNzOERLYUt5T3pDX1RFSHJnWWlVNEhwQnBRMXJHckZ6eTF5OFBJbXM?oc=5,Neutral,Neutral,True
Capital FM,"Kirinyaga, Wajir, Nyeri, Kiambu and Mombasa top Politrack governors’ performance index","Sat, 25 Jul 2026 08:10:48 +0000",https://capitalfm.africa/kirinyaga-wajir-nyeri-kiambu-and-mombasa-top-politrack-governors-performance-index/,Neutral,Neutral,True
World News API,Ministry to tighten food safety after study detects pesticide residues in vegetables,,https://www.standardmedia.co.ke/health/health-science/article/2001553711/ministry-to-tighten-food-safety-after-study-detects-pesticide-residues-in-vegetables,Positive,Neutral,False
The Standard Headlines,MPs push for urgent resolution of higher education funding crisis,"Thu, 16 Jul 2026 18:27:20 +0300",https://www.standardmedia.co.ke/article/2001552991/mps-push-for-urgent-resolution-of-higher-education-funding-crisis,Positive,Neutral,False
People Daily,"How Kang’ata’s DCP switch boosts Gachagua’s Mt Kenya grip, rattles Ruto’s 2027 plans",24/07/2026 22:15,https://peopledaily.digital/inside-politics/how-kangatas-dcp-switch-boosts-gachaguas-mt-kenya-grip-rattles-rutos-2027-plans,Neutral,Neutral,True
NTV Kenya,Brazil’s former President Bolsonaro begins serving 27-year prison...,,https://ntvkenya.co.ke/news/brazil-former-president-bolsonaro-begins-serving-27-year-prison-sentence/,Positive,Neutral,False
K24,Bruised Banana: History behind Arsenal’s new away kit,"Sat, 25 Jul 2026 05:40:13 +0000",https://k24.digital/sports/epl/bruised-banana-history-behind-arsenals-new-away-kit,Neutral,Neutral,True
Kenyans.co.ke,Blow to Politicians as Police Threaten to Withdraw Security,2026-07-21T15:35:12+0300,https://www.kenyans.co.ke/news/125471-police-withdraw-security-politicians-who-hire-goons-coast-commander-warns,Negative,Negative,True
Citizen Digital (via Google News),"Ex-Migori Governor Obado, co-accused found guilty of Sharon Otieno's murder - Citizen Digital","Thu, 23 Jul 2026 12:34:52 GMT",https://news.google.com/rss/articles/CBMiswFBVV95cUxOZnN2QnoyUjhScmZ1aE92elBVbnZKd2dwRWM3eVpGTjdlQTR3QlJQeDRwNkJfODVqZGl2NFRwZkxHOGQ1aUx5N0pwVjRHTGc2b1ZHajhXZ0hsV3FHRGJjRVFVTXU3dkNUT2pUNDdjZ2ZxZlIxQU1jYTRlanVBZWtGVVdJT3Z6NnJZa1doNXAwRllfcDYwZnBhOWMxMWFPdUZ0MWpsNk1LeWkyaGRFUVNwdEZPZw?oc=5,Negative,Neutral,False
The Star,Ghana TikToker jailed after sharing false news about the presidentCamilla Alhassan alleged without evidence the president had conducted a ritual to help win an election.,,https://www.the-star.co.ke/news/africa/2026-07-17-ghana-tiktoker-jailed-after-sharing-false-news-about-the-president-1,Negative,Negative,True
Kenyans.co.ke,Ruto Appoints Ol Kalou UDA Candidate Samuel Muchina to Govt,2026-07-22T15:08:46+0300,https://www.kenyans.co.ke/news/125510-ruto-appoints-ol-kalou-uda-candidate-samuel-muchina-nairobi-rivers-commission,Neutral,Neutral,True
The Standard Headlines,Ndindi Nyoro seeks annulment of Safaricom stake sale,"Wed, 08 Jul 2026 20:11:00 +0300",https://www.standardmedia.co.ke/article/2001552322/ndindi-nyoro-seeks-annulment-of-safaricom-stake-sale,Negative,Neutral,False
Citizen Digital,"Prince Indah, Ywaya Tajiri lead Spotify's biggest streaming gains among Nairobi Gen Z listeners",,https://citizen.digital/article/prince-indah-ywaya-tajiri-lead-spotifys-biggest-streaming-gains-among-nairobi-gen-z-listeners-n386923,Positive,Positive,True
Citizen Digital (via Google News),Aston Villa sign Joao Gomes from Wolves - Citizen Digital,"Mon, 20 Jul 2026 13:31:16 GMT",https://news.google.com/rss/articles/CBMihgFBVV95cUxNUkFNLVpfdVR5d1VPZTBNaFRqMkt3Q2R6aFpMamVvLXIzbEN4R1BNNkowRXpBcy0xeTFlMWxFWVVpak4yalo5anRNVkd3c1J3SUtocTNCTlNsX05oNWdpWFBUajh2UXhIYUVVeXU0OU1YU25ua1RXNnh6U05SS1R0UjhrWDB6UQ?oc=5,Positive,Neutral,False
The Standard,Nairobi National Park hosts court inspection in orphanage relocation dispute,,https://www.standardmedia.co.ke/environment-climate/article/2001553429/nairobi-national-park-hosts-court-inspection-in-orphanage-relocation-dispute,Positive,Neutral,False
The Star,Kirimi: How emergency responses save lives during Kenya’s disastersJoy Kirimi explains how significant the golden hour is during emergencies,,https://www.the-star.co.ke/health/2026-07-08-kirimi-how-emergency-responses-save-lives-during-kenyas-disasters,Positive,Neutral,False
Capital FM Kenya,Gachagua says UDA will lose every seat in Mt Kenya,"Wed, 22 Jul 2026 17:12:22 +0000",https://capitalfm.africa/gachagua-says-uda-will-lose-every-seat-in-mt-kenya/,Neutral,Neutral,True
Standard - Politics,Bleak future: Why DP Kindiki is now walking on political egg shells,"Sun, 19 Jul 2026 10:00:00 +0300",https://www.standardmedia.co.ke/politics/article/2001553165/bleak-future-why-dp-kindiki-is-now-walking-on-political-egg-shells,Negative,Negative,True
Citizen Digital (via Google News),Kerugoya court issues conservatory orders stopping rice importation - Citizen Digital,"Wed, 22 Jul 2026 11:26:31 GMT",https://news.google.com/rss/articles/CBMiqwFBVV95cUxNMXlkZUdfZ0N2LVR0VXRpanBTUlI1RHp4T2Y1Q2lQWl9YV3U0MWFrRjFOY19rYkRpTEYzMXFvVGtqcFo0aHo2OURNMzc0dzVnRDFfYURDNUR1d2IxUmJueUFEQWhCZXFHZTF5UXFHZ1cwV0hqR2lzWEZoeVFFVXhTUGtPdjFEUUZleXlpNjhVN0tXUWxPdXhtQUw0Z29ZamtvRnNIdTRqTUJTWGc?oc=5,Positive,Neutral,False
The Star,"Young Mwamba ready for National Sevens Series challenge, says MurungaMurunga said the club’s focus will be on giving young players valuable exposure rather than piling pressure on them.",,https://www.the-star.co.ke/sports/rugby/2026-07-09-young-mwamba-ready-for-national-sevens-series-challenge-says-murunga,Positive,Neutral,False
Capital FM Kenya,"High Court strikes out ‘premature’ bid to bar Wetang’ula, Kingi from political activities","Thu, 23 Jul 2026 13:48:43 +0000",https://capitalfm.africa/high-court-strikes-out-premature-bid-to-bar-wetangula-kingi-from-political-activities/,Positive,Neutral,False
People Daily,Inside govt’s 30-year recruitment plan transforming Kenya’s public service workforce by 2055,24/07/2026 20:18,https://peopledaily.digital/news/inside-govts-30-year-recruitment-plan-transforming-kenyas-public-service-workforce-by-2055,Positive,Neutral,False
The Star,"World champion Odira to launch Commonwealth gold quest on MondayOdira boasts continental silver from the 2024 African Championships in Douala, Cameroon.",,https://www.the-star.co.ke/sports/athletics/2026-07-25-world-champion-odira-to-launch-commonwealth-gold-quest-on-monday,Positive,Positive,True
Standard - Headlines,"Kang'ata attends Linda Mwananchi rally in Thika, criticises Ruto policies","Sun, 14 Jun 2026 18:17:44 +0300",https://www.standardmedia.co.ke/article/2001550328/kang-ata-attends-linda-mwananchi-rally-in-thika-criticises-ruto-policies,Negative,Negative,True
K24,Five common misconceptions about tetanus,"Tue, 21 Jul 2026 22:27:56 +0000",https://k24.digital/lifestyle/health-and-fitness/five-common-misconceptions-about-tetanus,Neutral,Negative,False
Ghanamma,"Kenya’s Elite Sharpshooters Dominate IPSC Championship, Showcasing Nation’s Rising Talent in Practical Shooting",24/07/2026 21:00,https://www.ghanamma.com/2026/07/24/kenyas-elite-sharpshooters-dominate-ipsc-championship-showcasing-nations-rising-talent-in-practical-shooting/,Positive,Positive,True
The Star,Rival dismisses Otuoma-Ojaamong alliance ahead of 2027 Busia contestOsiya says deal too late to save Otuoma's dwindling reelection bid,,https://www.the-star.co.ke/counties/western/2026-07-23-rival-dismisses-otuoma-ojaamong-alliance-ahead-of-2027-busia-contest,Neutral,Neutral,True
Citizen Digital,Family land dispute disrupts burial in Kirinyaga,,https://citizen.digital/article/family-land-dispute-disrupts-burial-in-kirinyaga-n386642,Negative,Negative,True
The Star,"Nairobi saves Sh8.48bn by strengthening in-house legal teamDuring the review period, the county concluded 174 court cases, with 84 of them handled by internal lawyers.",,https://www.the-star.co.ke/counties/nairobi/2026-07-22-nairobi-saves-sh848bn-by-strengthening-in-house-legal-team,Positive,Neutral,False
World News API,Co-op Bank wins two Euromoney awards; Kenya’s Best Retail Bank and Best Digital Bank,,,Positive,Positive,True
Standard - Politics,How Sifuna's Western tour has rattled Kenya Kwanza,"Fri, 24 Jul 2026 09:00:00 +0300",https://www.standardmedia.co.ke/politics/article/2001553598/how-sifuna-s-western-tour-has-rattled-kenya-kwanza,Neutral,Neutral,True
World News API,"Genesis, The Last Chapter - Changing Lanes without Missing a beat",,https://www.kenyamoja.com/video/genesis-last-chapter-changing-lanes-without-missing-beat-ntv-video-411429,Positive,Neutral,False
Business Daily Africa,Court rejects bid to oust lawyers in EABL sale dispute,"Tue, 21 Jul 2026 12:56:34 GMT",https://www.businessdailyafrica.com/bd/corporate/companies/court-rejects-bid-to-oust-lawyers-in-eabl-sale-dispute-5533320,Negative,Negative,True
Capital FM,"Mombasa Airport Handles 17,000 Passengers in 10 Days","Sat, 25 Jul 2026 07:55:29 +0000",https://capitalfm.africa/mombasa-airport-handles-17000-passengers-in-10-days/,Positive,Neutral,False
Nation,All the best to Starlets,24/07/2026 21:01,https://nation.africa/kenya/blogs-opinion/editorials/all-the-best-to-starlets-5536762,Positive,Positive,True
Citizen Digital,From political titan to convicted killer: The rise and fall of Okoth Obado,,https://citizen.digital/article/from-political-titan-to-convicted-killer-the-rise-and-fall-of-okoth-obado-n387010,Negative,Neutral,False
Ghafla Kenya,Kindiki Defended As Ruto’s Running Mate In 2027 Amid Pressure Following UDA’s Ol Kalou Loss,,,Neutral,Neutral,True
The Standard Headlines,Ndindi Nyoro seeks annulment of Safaricom stake sale,"Wed, 08 Jul 2026 20:11:00 +0300",https://www.standardmedia.co.ke/article/2001552322/ndindi-nyoro-seeks-annulment-of-safaricom-stake-sale,Negative,Neutral,False
The Standard Headlines,"Luo nation will not take part in protests, MPs say","Wed, 24 Jun 2026 20:19:00 +0300",https://www.standardmedia.co.ke/article/2001551221/luo-nation-will-not-take-part-in-protests-mps-say,Positive,Negative,False
Capital FM Kenya,Britain moves Haraka Storm military drills out of Kenya after licence setback,"Thu, 23 Jul 2026 12:03:58 +0000",https://capitalfm.africa/britain-moves-haraka-storm-military-drills-out-of-kenya-after-licence-setback/,Neutral,Neutral,True
The Standard,The best financial lesson from the World Cup: Prepare,,https://www.standardmedia.co.ke/opinion/article/2001553159/the-best-financial-lesson-from-the-world-cup-prepare,Neutral,Positive,False
The Standard,New Bill recommends compulsory annual emissions tests for all vehicles,,https://www.standardmedia.co.ke/environment-climate/article/2001552336/new-bill-recommends-compulsory-annual-emissions-tests-for-all-vehicles,Positive,Neutral,False
K24,Aston Villa reach agreement to sign Alejandro Garnacho from Chelsea on Ksh7.3B loan deal,"Thu, 23 Jul 2026 07:11:11 +0000",https://k24.digital/sports/epl/aston-villa-reach-agreement-to-sign-alejandro-garnacho-from-chelsea-on-ksh7-3b-loan-deal,Positive,Neutral,False
NTV Kenya,South Korea court gives ex-First Lady 7-year jail term for bribery,,https://ntvkenya.co.ke/news/south-korea-court-gives-ex-first-lady-7-year-jail-term-for-bribery/,Positive,Negative,False
NTV Kenya,Sifuna: I am no one’s project,,https://ntvkenya.co.ke/news/sifuna-i-am-no-ones-project/,Neutral,Neutral,True
K24,7 Practical ways to leave work at work,"Tue, 21 Jul 2026 20:32:31 +0000",https://k24.digital/lifestyle/mental-wellnes/7-practical-ways-to-leave-work-at-work,Neutral,Neutral,True
Capital FM,"Ruto defends SHA, says it is ‘ten times better’ than NHIF","Sat, 25 Jul 2026 09:51:32 +0000",https://capitalfm.africa/ruto-defends-sha-says-it-is-ten-times-better-than-nhif/,Neutral,Positive,False
World News API,IATA launches safety workshops under Focus Africa,,https://economist.com.na/108606/human-resources/iata-launches-safety-workshops-under-focus-africa,Positive,Neutral,False
Standard - Business,Kenya's economy creates more millionaires,"Sun, 19 Jul 2026 10:00:00 +0300",https://www.standardmedia.co.ke/business/article/2001553164/kenya-s-economy-creates-more-millionaires,Positive,Positive,True
Standard - Business,Lamu refinery eyes Africa's 86 million tonnes fuel import gap,"Mon, 20 Jul 2026 06:30:00 +0300",https://www.standardmedia.co.ke/business/article/2001553243/lamu-refinery-eyes-africa-s-86-million-tonnes-fuel-import-gap,Neutral,Neutral,True
The Standard Headlines,Scammed and abandoned: Who will save Uasin Gishu parents in Finland education saga?,"Sat, 25 Jul 2026 07:15:00 +0300",https://www.standardmedia.co.ke/article/2001553686/scammed-and-abandoned-who-will-save-uasin-gishu-parents-in-finland-education-saga,Negative,Negative,True
K24,Home sounds that mean something is wrong,"Sun, 19 Jul 2026 17:14:19 +0000",https://k24.digital/lifestyle/home-and-living/home-sounds-that-mean-something-is-wrong,Neutral,Negative,False
The Star,"SRC approves Sh45,625 monthly allowance for police bodyguardsThere are about 12,000 police officers serving as bodyguards and providing protection to the President, judges, CSs, PSs and other senior public officials",,https://www.the-star.co.ke/counties/nairobi/2026-07-23-src-approves-sh45625-monthly-allowance-for-police-bodyguards,Positive,Neutral,False
K24,Why Alex Mwakideu wants erectile dysfunction recognised as a disability,"Thu, 23 Jul 2026 08:25:10 +0000",https://k24.digital/entertainment/celebrity/why-alex-mwakideu-wants-erectile-dysfunction-recognised-as-a-disability,Positive,Neutral,False
The East African,Africa pushes for unlocking untapped critical minerals,"Mon, 20 Jul 2026 16:16:34 GMT",https://www.theeastafrican.co.ke/tea/business-tech/africa-pushes-for-unlocking-untapped-critical-minerals-5532528,Positive,Neutral,False
Fox News,"EXCLUSIVE: ICE removes former NFL player Daniel Ogama Adongo after visa overstay, criminal record",24/07/2026 22:13,https://www.foxnews.com/politics/exclusive-ice-removes-former-nfl-player-daniel-ogama-adongo-after-visa-overstay-criminal-record,Negative,Negative,True
The Star,"Young girl standing up to hereditary bone cancerFrida Lakita, 18, got amputated but the cancer recurred, requiring Sh9m treatment",,https://www.the-star.co.ke/sasa/society/2026-07-10-lakita-cancer-battle,Negative,Negative,True
The Star,Ingavi sets sights on trophies after joining ShabanaThe pacey striker said his ambition is to help the Glamour Boys challenge for silverware while also hitting double figures in goals during the 2026/27 season.,,https://www.the-star.co.ke/sports/football/2026-07-23-ingavi-sets-sights-on-trophies-after-joining-shabana,Positive,Positive,True
The African Exponent,Why do Africans send money home - and how big is the remittance economy?,24/07/2026 22:31,https://www.africanexponent.com/why-do-africans-send-money-home-and-how-big-is-the-remittance-economy/,Neutral,Neutral,True
Naijaonpoint.com.ng,"Fake jobs, tourist visas: Inside Russia’s vast network luring foreigners to fight Ukraine war",24/07/2026 22:50,https://naijaonpoint.com.ng/fake-jobs-tourist-visas-inside-russias-vast-network-luring-foreigners-to-fight-ukraine-war/,Negative,Negative,True
Allafrica Tanzania,Uganda: Here Comes the Mandatory Monthly National Cleaning Days,24/07/2026 20:41,https://allafrica.com/stories/202607240671.html,Neutral,Neutral,True
K24,10 customer service mistakes that make people walk away for good,"Thu, 23 Jul 2026 12:44:03 +0000",https://k24.digital/lifestyle/life-hacks/10-customer-service-mistakes-that-make-people-walk-away-for-good,Neutral,Negative,False
Standard - Kenya News,Four-month closure of Eldoret Road for Nairobi River Bridge works,"Mon, 11 May 2026 10:58:13 +0300",https://www.standardmedia.co.ke/article/2001547536/four-month-closure-of-eldoret-road-for-nairobi-river-bridge-works,Negative,Neutral,False
The Star,GEN Z CORNER: Pretty privilege in plain sightWhat opens doors for some frustrates those who are overlooked,,https://www.the-star.co.ke/sasa/lifestyle/2026-07-17-gen-z-corner,Negative,Neutral,False
NewsData.io,Prominent Isiolo businesswoman shot dead in robbery near bus stage,,,Negative,Negative,True
Business Daily Africa,Stanbic taps Safaricom’s top strategy executive as CEO,"Thu, 16 Jul 2026 17:45:07 GMT",https://www.businessdailyafrica.com/bd/corporate/companies/stanbic-taps-safaricom-s-top-strategy-executive-as-ceo-5529534,Positive,Neutral,False
The Standard Headlines,Murkomen: Police no longer rely on Gachagua's 'gossip',"Thu, 23 Jul 2026 16:40:19 +0300",https://www.standardmedia.co.ke/article/2001553582/murkomen-police-no-longer-rely-on-gachagua-s-gossip,Positive,Neutral,False
K24,I don’t believe in God: Tileh reveals why he left religion to become an atheist,"Thu, 23 Jul 2026 10:27:20 +0000",https://k24.digital/entertainment/celebrity/i-dont-believe-in-god-tileh-reveals-why-he-left-religion-to-become-an-atheist,Negative,Negative,True
KBC,Ruto appoints Ol Kalou UDA candidate Muchina to Nairobi Rivers Commission,"Wed, 22 Jul 2026 12:43:26 +0000",https://www.kbc.co.ke/ruto-appoints-ol-kalou-uda-candidate-muchina-to-nairobi-rivers-commission/,Neutral,Neutral,True
World News API,Team Kenya receives donations and other essential items ahead of their trip to Glasgow,,,Positive,Neutral,False
Citizen Digital (via Google News),Spain beat France 2-0 to reach World Cup final - Citizen Digital,"Tue, 14 Jul 2026 21:58:56 GMT",https://news.google.com/rss/articles/CBMijwFBVV95cUxQWnRXcm9tYW5pMENob0RMcEt3aXhqM0EzQlFVYl9jb01WRDE3WGNxVmlQRlBUenRrUXBZYTNWM055NHMzVEhpVTVaUmZnOTZzQWJfVThCTW15YnBMNjBPMzlQVWNFbjZ0bFU4ckRJOVFGd0xia0V6TUk4TGhhblh0ajJkb2w5V2p0T0xIVHN3WQ?oc=5,Neutral,Neutral,True
NewsData.io,Medical Spa Market Revenue Forecast 2033,,,Neutral,Neutral,True
Ghafla Kenya,Drake’s World Cup Bet Backfires as Argentina’s Final Defeat Costs Him $1.5 Million,,,Neutral,Negative,False
KBC News,"Wetang’ula rallies Mandera to back Ruto’s re-election bid, cites ID reforms and mega projects",,,Negative,Neutral,False
Citizen Digital (via Google News),"Not us, Not our children: Kaptagat residents deny cutting forest fence - Citizen Digital","Wed, 22 Jul 2026 19:57:31 GMT",https://news.google.com/rss/articles/CBMirAFBVV95cUxQRlZoZEhHZDJLcmhNdjRqZmxnY2YydlQwRGdkN3o3NzlhMFRINzNsWFZwWlN2d1pjeEhVcEpsS0lXZzZkZS05QzZBOEJOR0NvUFN6ZHJTUThvYXdHWjU4OVFSRDdPdEYwbUNOM2picEF6bVpyN2gxNFFQRlMxTlgxTTR6LW1qN2pnVEZfVnpnX1VuRFNjWWJaM0h1dG85ZGVwZFYtUGlBSmxKcUlW?oc=5,Neutral,Negative,False
Ghafla Kenya,Kanyari Says He Has Alleged Daughter but Is Yet to Take DNA Test,,,Neutral,Neutral,True
K24,Man United defender Martinez addresses injury fears after World Cup heartbreak,"Wed, 22 Jul 2026 05:18:31 +0000",https://k24.digital/sports/epl/man-united-defender-martinez-addresses-injury-fears-after-world-cup-heartbreak,Neutral,Neutral,True
Standard - Kenya News,Partial closure on Ngong road as KURA finalises Sh3.8 B junction mall viaduct,"Sun, 17 May 2026 11:47:54 +0300",https://www.standardmedia.co.ke/article/2001548033/partial-closure-on-ngong-road-as-kura-finalises-sh3-8-b-junction-mall-viaduct,Negative,Neutral,False
Standard - Headlines,"Kangema magistrate, probation officer arrested with Sh150,000 bribe","Wed, 22 Jul 2026 10:15:54 +0300",https://www.standardmedia.co.ke/article/2001553434/kangema-magistrate-probation-officer-arrested-with-sh150-000-bribe,Negative,Neutral,False
K24,How to wash knitted sweaters without ruining them,"Tue, 21 Jul 2026 21:06:08 +0000",https://k24.digital/lifestyle/life-hacks/how-to-wash-knitted-sweaters-without-ruining-them,Neutral,Neutral,True
Ghafla Kenya,Kenya Airways Partners With Yemi Alade to Boost West Africa Expansion,,,Positive,Neutral,False
Standard - Politics,Ruto forced back to the drawing board after Ol Kalou defeat,"Sun, 19 Jul 2026 10:00:00 +0300",https://www.standardmedia.co.ke/politics/article/2001553156/ruto-forced-back-to-the-drawing-board-after-ol-kalou-defeat,Negative,Negative,True
Kenyans.co.ke,High Court Issues Orders Ahead of Aviation Workers Strike,2026-07-24T12:19:03+0300,https://www.kenyans.co.ke/news/125560-high-court-suspends-planned-nationwide-aviation-strike-over-labour-dispute,Neutral,Neutral,True
Capital FM Kenya,Kenya Air Force advances modernization drive through strategic UK defence engagements,"Wed, 22 Jul 2026 16:11:56 +0000",https://capitalfm.africa/kenya-air-force-advances-modernization-drive-through-strategic-uk-defence-engagements/,Positive,Neutral,False
NewsData.io,Ambassador Programme: Shaping a generation through dialogue,,,Positive,Neutral,False
Citizen Digital (via Google News),Tackling Messi 'huge challenge' for Spain: Merino - Citizen Digital,"Fri, 17 Jul 2026 19:59:22 GMT",https://news.google.com/rss/articles/CBMijwFBVV95cUxPay13WlBNUzBLTlRpXzI0dktwWXNDN1Iwdm96TXhCUmp2S3k0RXp5c0RNblZaV19MTndGYVI4VXE1cTdDaVQxQnRldXhjT1p5TEdNYy0tTzdRWUxRMDBNQUxwUUczVlgtNzA1a0lGNzRXcnRBWTBUWF9acnRCMlFLN2JHYnR2LUZUTmlpTDBOZw?oc=5,Neutral,Neutral,True
NewsData.io,"Dennis Ombachi Raises Eyebrows After Wrangling A Live Ostrich, Cooking It For Viral Burger Video",,,Neutral,Neutral,True
Business Daily Africa,Why ghosting your employer could cost you up to Sh3.2m,"Tue, 21 Jul 2026 14:44:45 GMT",https://www.businessdailyafrica.com/bd/lifestyle/workplace/why-ghosting-your-employer-could-cost-you-up-to-sh3-2m-5533556,Neutral,Negative,False
KBC,"Wetang’ula, allies enlist boda boda riders in Ruto 2027 campaign machine","Sat, 25 Jul 2026 06:52:21 +0000",https://www.kbc.co.ke/wetangula-allies-enlist-boda-boda-riders-in-ruto-2027-campaign-machine/,Neutral,Neutral,True
NewsData.io,Reforming tourism from the superstructure to the substructure,,,Positive,Neutral,False
KBC News,"Ruto announces full funding for all students placed in universities, colleges",,,Positive,Positive,True
Standard - Business,BAT posts Sh3.1 billion half-year net profit,"Fri, 24 Jul 2026 06:00:00 +0300",https://www.standardmedia.co.ke/business/article/2001553595/bat-posts-sh3-1-billion-half-year-net-profit,Positive,Positive,True
Citizen Digital (via Google News),What Kenyans searched for during the 2026 FIFA World Cup: Google reveals - Citizen Digital,"Tue, 21 Jul 2026 13:50:16 GMT",https://news.google.com/rss/articles/CBMisAFBVV95cUxQWFBIMUg3NjN4Z2dicE9FaDd2VUJsRlRQZ2NuSFBIU3BscUV2ZjN2MFR3Mlc2eVhDWDl4SjlodkwxNkhzUEhfeXctT0F0Mm5ZWnMtWUdMS0h6aFpWbURjNmw5bTI0VHpXUXpLS3pMalVqb1JYUTNjSzVraWVKdHlMSU1INjRZVVJOVkpVQUFXU0UyeGdJNWVrRHpmNm93MVRmR3YxdWduaXF5cjRXanRVRg?oc=5,Neutral,Neutral,True
Business Daily,Jubilee taps embedded insurance to widen health cover access,"Thu, 23 Jul 2026 13:35:22 GMT",https://www.businessdailyafrica.com/bd/corporate/companies/jubilee-taps-embedded-insurance-to-widen-health-cover-5535390,Positive,Neutral,False
The East African,Tanzania ahead of peers in trading under AfCFTA,"Fri, 10 Jul 2026 21:26:10 GMT",https://www.theeastafrican.co.ke/tea/business-tech/tanzania-ahead-of-peers-in-trading-under-afcfta-5524096,Positive,Neutral,False
The East African,Uganda launches emergency food aid for drought-hit Karamoja,"Tue, 21 Jul 2026 03:36:14 GMT",https://www.theeastafrican.co.ke/tea/news/east-africa/uganda-launches-emergency-food-aid-for-drought-hit-karamoja-5532882,Positive,Neutral,False
The Standard,Prophetic challenge facing the Kenyan church today,,https://www.standardmedia.co.ke/opinion/article/2001553304/prophetic-challenge-facing-the-kenyan-church-today,Neutral,Neutral,True
The Star,Why Nairobi matters in a changing world,,https://www.the-star.co.ke/opinion/columnists/2026-07-23-why-nairobi-matters-in-a-changing-world,Neutral,Neutral,True
Business Today Kenya,World Cup Bets Turn Into Big Wins as Odibets Rewards Players with Smartphones and 55” Hisense TVs,,,Positive,Positive,True
Nation,Kenya’s foundational learning reforms bearing fruit,24/07/2026 21:03,https://nation.africa/kenya/blogs-opinion/blogs/kenya-s-foundational-learning-reforms-bearing-fruit--5536590,Positive,Positive,True
K24,Casemiro completes move to Inter Miami after Manchester United exit,"Wed, 22 Jul 2026 18:08:57 +0000",https://k24.digital/sports/casemiro-completes-move-to-inter-miami-after-manchester-united-exit,Positive,Neutral,False
NTV Kenya,"Popular Kenyan women converge for a wellness, glam, and sisterhood experience | The Glam","Thu, 09 Jul 2026 09:42:04 +0000",https://ntvkenya.co.ke/arts-lifestyle/popular-kenyan-women-converge-for-a-wellness-glam-and-sisterhood-experience-the-glam/,Neutral,Neutral,True
Standard - Kenya News,"Detectives arrest 68-year-old woman, seize suspected narcotics in Nairobi","Fri, 08 May 2026 22:38:27 +0300",https://www.standardmedia.co.ke/article/2001547388/detectives-arrest-68-year-old-woman-seize-suspected-narcotics-in-nairobi,Negative,Neutral,False
Capital FM Kenya,Gachagua claims police will refuse to rig 2027 poll,"Wed, 22 Jul 2026 18:37:45 +0000",https://capitalfm.africa/gachagua-claims-police-will-refuse-to-rig-2027-poll/,Positive,Neutral,False
The Star,A teenager’s mission to help bridge Kenya’s emergency response gaps,,https://www.the-star.co.ke/sasa/technology/2026-07-09-a-teenagers-mission-to-help-bridge-kenyas-emergency-response-gaps,Positive,Neutral,False
The Standard,The Commonwealth's greatest prize lies beyond the games,,https://www.standardmedia.co.ke/opinion/article/2001553480/the-commonwealths-greatest-prize-lies-beyond-the-games,Neutral,Positive,False
World News API,GSU storms into Kenya Cup semi-finals,,https://www.kenyamoja.com/index.php/video/gsu-storms-kenya-cup-semi-finals-citizen-tv-411410,Negative,Neutral,False
Ani (asian News International),Merck Foundation marks 'World Assisted Reproductive Technology Day 2026' by providing 800+ Scholarships of Fertility and Reproductive care,25/07/2026 00:00,https://www.aninews.in/news/business/merck-foundation-marks-world-assisted-reproductive-technology-day-2026-by-providing-800-scholarships-of-fertility-and-reproductive-care20260725130502/,Positive,Positive,True
KBC News,"Ruto announces full funding for all students placed in universities, colleges",,,Positive,Positive,True
Citizen Digital,How Dahlia Safaris is using golf tourism to market Kenya beyond traditional destinations,,https://citizen.digital/article/how-dahlia-safaris-is-using-golf-tourism-to-market-kenya-beyond-traditional-destinations-n385872,Positive,Neutral,False
The Standard,Wines agency KWAL banks on menstrual leave to champion wellbeing at work,,https://www.standardmedia.co.ke/health/reproductive-health/article/2001549473/wines-agency-kwal-banks-on-menstrual-leave-to-champion-wellbeing-at-work,Positive,Neutral,False
NTV Kenya,Nairobi International Financial Centre | Business Redefined,"Tue, 14 Jul 2026 16:35:46 +0000",https://ntvkenya.co.ke/business/nairobi-international-financial-centre-business-redefined/,Neutral,Neutral,True
Kenya News Agency,Government establishes committee to review unconstitutional laws,"Wed, 22 Jul 2026 13:27:26 +0000",https://www.kenyanews.go.ke/government-establishes-committee-to-review-unconstitutional-laws/,Positive,Neutral,False
Nairobi Wire,Thika Inches Closer to Becoming Kenya’s Newest City,,,Positive,Neutral,False
Digital Spy,'The perfect comfort-watch': Judi Dench's beloved BBC sitcom is streaming right now,24/07/2026 21:12,https://www.digitalspy.com/tv/a73258583/judi-dench-as-time-goes-by-streaming/,Neutral,Positive,False
The Standard,"Giant of the game: Liverpool and England legend Keegan dies aged 75Former Liverpool and England star Kevin Keegan has died aged 75 after battling cancer, his family announced on Monday.",,https://www.standardmedia.co.ke/sports/football/article/2001553332/giant-of-the-game-liverpool-and-england-legend-keegan-dies-aged-75,Negative,Neutral,False
World News API,Inside Savinaah's World: From Childhood Dreams to Music Success,,https://www.kenyamoja.com/video/inside-savinaahs-world-childhood-dreams-music-success-ntv-video-411744,Neutral,Positive,False
NTV Kenya,Samia hits back at foreign critics: “Who are you to lecture Tanzania on...,,https://ntvkenya.co.ke/news/samia-hits-back-at-foreign-critics-who-are-you-to-lecture-tanzania-on-its-affairs/,Negative,Neutral,False
Capital FM Kenya,"Two Arrested, 220 Litres of Chang’aa Seized in Kibra Crackdown","Mon, 20 Jul 2026 05:55:13 +0000",https://capitalfm.africa/two-arrested-220-litres-of-changaa-seized-in-kibra-crackdown/,Negative,Negative,True
NTV Kenya,Bongo icon Professor Jay confirms major stage comeback,,https://ntvkenya.co.ke/news/bongo-icon-professor-jay-confirms-major-stage-comeback/,Positive,Neutral,False
The Standard,"Kenyan businesses ready to electrify, but grid constraints slow progress",,https://www.standardmedia.co.ke/environment-climate/article/2001552676/kenyan-businesses-ready-to-electrify-but-grid-constraints-slow-progress,Negative,Neutral,False
Currents API,"Kenya: KMJA Appeals to LSK to Reconsider Court Boycott, Cites Harm to Litigants",,,Negative,Neutral,False
The Star,"Monaco masterclass fires up Koech's Commonwealth Games medal chargeThe 22-year-old stamped his authority on the field at the Monaco meeting last Friday, producing a composed display to cruise to his first Diamond League victory of the season in 8:03.35.",,https://www.the-star.co.ke/sports/athletics/2026-07-16-monaco-masterclass-fires-up-koechs-commonwealth-games-medal-charge-1,Positive,Positive,True
NewsData.io,Why the youth jobs crisis is becoming global,,,Neutral,Negative,False
Riauone.com | Berita Nusantara Terkini,"QUBIC Goes Global on Alchemy Pay: Now Purchasable in 173 Countries, Including the US",24/07/2026 23:56,https://www.riauone.com/global/QUBIC-Goes-Global-on-Alchemy-Pay--Now-Purchasable-in-173-Countries--Including-the-US,Positive,Neutral,False
The Star,Police seem helpless as war drums soundIG Kanja long on warnings and short of action,,https://www.the-star.co.ke/opinion/leader/2026-07-22-police-seem-helpless-as-war-drums-sound,Negative,Negative,True
Citizen Digital (via Google News),Rosenior ready for Paris FC challenge after 'learning lessons' at Chelsea - Citizen Digital,"Thu, 16 Jul 2026 18:49:02 GMT",https://news.google.com/rss/articles/CBMisAFBVV95cUxPTXRjRzJpUTE4aWN5N0tCenVxYU9wVDFHano5NUFfc0E3dGt5WjQ3U0hhaXZhZEFfNDd6OFFIQXE0REIybkNVVnFMeHlwSUIycmlPNm1sNlluaTUzZVhRTm1RaHZDdkxVNjRSTTdDVHNYby1qN0taX1JUQk5GdTM4SkVtdExIdmxxNG8wWXZ5aVBMZ3VScnhZMkVPTVJDd1RvUmgxazd2QUp2VnNWNG9Waw?oc=5,Neutral,Neutral,True
Nairobi Wire,Parking Fees in Nairobi Could Change as County Adopts New Pricing Policy,,,Neutral,Neutral,True
