source,headline,published,link,sentiment,labeled_by,notes
Headtopics,Merck to let generic makers produce low-cost HIV prevention pill,2026-07-24 23:07:35,https://us.headtopics.com/news/merck-to-let-generic-makers-produce-low-cost-hiv-85917372,,,
The Standard,Parents raise concerns over lack of learner medical cover,,https://www.standardmedia.co.ke/education/article/2001553443/parents-raise-concerns-over-lack-of-learner-medical-cover,,,
NTV Kenya,Outrage as Uganda police unleash dogs at opposition rallies,,https://ntvkenya.co.ke/news/outrage-as-uganda-police-unleash-dogs-at-opposition-rallies/,,,
The Standard Headlines,Inside Kenya's Ebola defences as seven Americans enter quarantine,"Fri, 17 Jul 2026 16:33:43 +0300",https://www.standardmedia.co.ke/article/2001553086/inside-kenya-s-ebola-defences-as-seven-americans-enter-quarantine,,,
Business Daily Africa,Nairobi County locked out of World Bank billions,"Tue, 21 Jul 2026 11:57:54 GMT",https://www.businessdailyafrica.com/bd/economy/failed-reforms-lock-out-nairobi-county-world-bank-billions-5533276,,,
The Standard Headlines,Why Linda Mwananchi leaders cancelled Ol Kalou tour,"Sat, 11 Jul 2026 20:29:32 +0300",https://www.standardmedia.co.ke/article/2001552582/why-linda-mwananchi-leaders-cancelled-ol-kalou-tour,,,
The Standard,DCI arrests prime suspect in TUK don murder,,https://www.standardmedia.co.ke/national/article/2001553529/dci-arrests-prime-suspect-in-tuk-don-murder,,,
Kahawa Tungu,New documents detail rape charges against the Tate brothers in the UK,,,,,
Jamaica Observer,Jamaica delivers at US pool checkers championship,2026-07-24 23:39:12,https://www.jamaicaobserver.com/2026/07/24/jamaica-delivers-us-pool-checkers-championship/,,,
Kenya News Agency,Vihiga County commits to promote integrity,"Thu, 23 Jul 2026 15:16:24 +0000",https://www.kenyanews.go.ke/vihiga-county-commits-to-promote-integrity/,,,
The Standard,"Government bows to pressure on airstrip plan, convenes public participation",,https://www.standardmedia.co.ke/environment-climate/article/2001551935/government-bows-to-pressure-on-airstrip-plan-convenes-public-participation,,,
Capital FM Kenya,Ruto names IPOA chair nominee in raft of State appointments,,,,,
K24,How price tags ending in 99 trick your brain,"Thu, 23 Jul 2026 08:25:22 +0000",https://k24.digital/lifestyle/money/how-price-tags-ending-in-99-trick-your-brain,,,
Business Daily Africa,Banks to protect disputed funds after payment errors,"Thu, 16 Jul 2026 16:59:09 GMT",https://www.businessdailyafrica.com/bd/corporate/companies/banks-to-protect-disputed-funds-after-payment-errors-5529480,,,
NTV Kenya,Bangladesh’s ousted PM Hasina convicted in students crackdown case,,https://ntvkenya.co.ke/news/bangladeshs-ousted-pm-hasina-convicted-in-students-crackdown-case/,,,
Standard - Headlines,"SHA hasn't paid healthcare centres Sh5.5b since February, say workers","Tue, 16 Jun 2026 08:50:00 +0300",https://www.standardmedia.co.ke/article/2001550507/sha-hasn-t-paid-healthcare-centres-sh5-5b-since-february-say-workers,,,
World News API,Ogolla: Amri ya Rais haitataua maneno ya goons. Kenya ni Uchumi la genge; usipokuwa goon hautakula,2026-07-19 00:00:00,,,,
People Daily,KUCCPS explains whether university-placed students can apply for KMTC’s September 2026 intake,2026-07-24 21:31:49,https://peopledaily.digital/news/kuccps-explains-whether-university-placed-students-can-apply-for-kmtcs-september-2026-intake,,,
Kenya News Agency,Nandi upscales coffee processing to maximize profits,"Mon, 20 Jul 2026 08:45:25 +0000",https://www.kenyanews.go.ke/nandi-upscales-coffee-processing-to-maximize-profits/,,,
The Standard,PremiumCourt orders lawfirm to pay ex-secretary Sh 5.4 million for constructive dismissal after assault,,https://www.standardmedia.co.ke/business/crime-and-justice/article/2001553676/court-orders-lawfirm-to-pay-ex-secretary-sh-54-million-for-constructive-dismissal-after-assault,,,
KBC,Presidential aspirant Onyango Oloo seeks Mt. Kenya support,"Sun, 19 Jul 2026 14:26:01 +0000",https://www.kbc.co.ke/presidential-aspirant-onyango-oloo-seeks-mt-kenya-support/,,,
Medicine Hat News,"Commonwealth Games: Jibb, Gill earn Canada’s first medals in Para swimming",2026-07-24 20:34:32,https://medicinehatnews.com/sports/national-sports/2026/07/24/commonwealth-games-jibb-gill-earn-canadas-first-medals-in-para-swimming/,,,
Capital FM Kenya,Kenya woos diplomats to back pharmaceutical manufacturing drive,"Sun, 19 Jul 2026 08:03:14 +0000",https://capitalfm.africa/kenya-woos-diplomats-to-back-pharmaceutical-manufacturing-drive/,,,
Nigerian Communicationweek,"Nigeria, Israel Strengthen Research, Technology Collaboration",2026-07-24 23:03:51,https://www.nigeriacommunicationsweek.com.ng/nigeria-israel-strengthen-research-technology-collaboration/,,,
Standard - Politics,Why the President's allies are desperate for a divided Mt Kenya,"Thu, 23 Jul 2026 06:00:00 +0300",https://www.standardmedia.co.ke/politics/article/2001553506/why-the-president-s-allies-are-desperate-for-a-divided-mt-kenya,,,
Kawowo Sports,Commonwealth Games 2026: Brave start for Uganda’s Batte after victory over Nigerian Abdulwahab | Welterweight,2026-07-24 20:19:40,https://kawowo.com/2026/07/24/commonwealth-games-2026-brave-start-for-ugandas-batte-after-victory-over-nigerian-abdulwahab-welterweight/,,,
Nairobi Wire,Moses Kuria Makes Big Promise to Ol Kalou Residents Despite UDA’s Loss,,,,,
Citizen Digital,Kenyan SMEs to receive Ksh.65K digital credits in Zoho-KNCCI partnership,,https://citizen.digital/article/kenyan-smes-to-receive-ksh65k-digital-credits-in-zoho-kncci-partnership-n386629,,,
The Standard,25 million kids missed routine vaccinations because of Covid-19,,https://www.standardmedia.co.ke/health/nutrition-wellness/article/2001450593/25-million-kids-missed-routine-vaccinations-because-of-covid-19,,,
The Star,"Veteran race walker Kemboi chases maiden global medal in GlasgowHaving won bronze and silver at the continental championships, Kemboi is now targeting a breakthrough on the global stage.",,https://www.the-star.co.ke/sports/athletics/2026-07-20-veteran-race-walker-kemboi-chases-maiden-global-medal-in-glasgow-1,,,
Standard - Business,Paper vs property: Why the high net-worth are abandoning real estate,"Wed, 15 Jul 2026 12:44:00 +0300",https://www.standardmedia.co.ke/business/article/2001552865/paper-vs-property-why-the-high-net-worth-are-abandoning-real-estate,,,
The Star,NLP counts gains despite modest showing in Ol Kalou pollsMuli said NLP’s performance reflects growing support for a party that is still rebuilding,,https://www.the-star.co.ke/counties/eastern/2026-07-18-nlp-counts-gains-despite-modest-showing-in-ol-kalou-polls,,,
Currents API,Kenya: Disregard Fake Kenyans.Co.Ke Graphic Falsely Attributing Mt Kenya MP Rankings to Infotrak,,,,,
Citizen Digital,Homa Bay: Man killed by hippo in shocking attack on his way home,,https://citizen.digital/article/homa-bay-man-killed-by-hippo-in-shocking-attack-on-his-way-home-n386731,,,
Citizen Digital,Interior PS Omollo urges parents to protect children from political goonism,,https://citizen.digital/article/interior-ps-omollo-urges-parents-to-protect-children-from-political-goonism-n387055,,,
Allafrica Tanzania,"Uganda: AFCON 2027 - A Golden Opportunity for Ugandans to Serve, Earn and Showcase the Nation",2026-07-24 20:41:56,https://allafrica.com/stories/202607240682.html,,,
Citizen Digital (via Google News),Nigerian authorities search for survivors of deadly boat sinking - Citizen Digital,"Tue, 21 Jul 2026 03:01:58 GMT",https://news.google.com/rss/articles/CBMipwFBVV95cUxNVXFqdU1DTE1RRjVTdlFlbzJRb3lVc2o5WXBsM2FNWnlPTE1rYnVPdXd3ZllyR01WUUpmbElnTTRlMTlsb1pJU1hPcmU5SjJDVndvWmJxVlRtei1vTW9SRkUyTDlUemZVNHhjSXd2RXlnNjAyLUNiUm1PbDJmZU1QcGJOXzgxY1dDWVYyOUZWZ2xDZlZiNUI0Z0pyaTlVem81dmJpb1kxZw?oc=5,,,
Al Jazeera,Which matches and tournaments can football fans watch after the World Cup?,2026-07-24 23:25:15,https://www.aljazeera.com/sports/2026/7/24/what-do-football-fans-have-in-store-to-beat-post-world-cup-blues,,,
Business Today Kenya,Co-operative Bank is Now the 4th Largest Listed Company,,,,,
People Daily,Kenya launches elite immigration crime unit to boost border security amid BATUK scrutiny,2026-07-24 23:28:45,https://peopledaily.digital/news/kenya-launches-elite-immigration-crime-unit-to-boost-border-security-amid-batuk-scrutiny,,,
The Standard,Kenya's last mile of governance: How chiefs are responding to the climate crisis,,https://www.standardmedia.co.ke/opinion/article/2001553191/kenyas-last-mile-of-governance-how-chiefs-are-responding-to-the-climate-crisis,,,
World News API,IPOA presents footage tracking Albert Ojwang's final hours,,,,,
The Standard Headlines,IG Kanja faces jail for contempt over roadblocks during protests,"Fri, 26 Jun 2026 20:14:36 +0300",https://www.standardmedia.co.ke/article/2001551391/ig-kanja-faces-jail-for-contempt-over-roadblocks-during-protests,,,
K24,Babu Owino denies claims linking him to ‘Wash Wash’ operations,"Thu, 23 Jul 2026 17:22:25 +0000",https://k24.digital/entertainment/celebrity/babu-owino-denies-claims-linking-him-to-wash-wash-operations,,,
KBC News,Charles Owino appointed Government Spokesperson,,,,,
Kenya News Agency,Escarpment Belt irrigation project nears completion,"Thu, 23 Jul 2026 15:22:31 +0000",https://www.kenyanews.go.ke/escarpment-belt-irrigation-project-nears-completion/,,,
NTV Kenya,"Kang’ata, Gachagua, Nyahururu, Ol Kalou | Joe Nyutu Speaks","Mon, 13 Jul 2026 08:51:31 +0000",https://ntvkenya.co.ke/arts-lifestyle/kangata-gachagua-nyahururu-ol-kalou-joe-nyutu-speaks/,,,
Currents API,Kenya: Constituencies to Share Sh58.7bn Ng-CDF Allocation As Funding Rises By 5.1pc,,,,,
The Standard,At least 17 killed in Russian and Ukrainian long-range strikes,,https://www.standardmedia.co.ke/asia/article/2001553649/at-least-17-killed-in-russian-and-ukrainian-long-range-strikes,,,
The Standard,School in Kiambu closed following Sexual predation allegations,,https://www.standardmedia.co.ke/education/article/2001552800/school-in-kiambu-closed-following-sexual-predation-allegations,,,
KBC News,"Museveni eulogises late Gen. Moses Ali as freedom fighter, peacemaker",,,,,
The Standard,Why nurses are threatening a nationwide strike from July 29,,https://www.standardmedia.co.ke/national/article/2001553571/why-nurses-are-threatening-a-nationwide-strike-from-july-29,,,
Business Daily,KBL returns to court over alleged corruption in Sh3.4bn arbitration,"Thu, 23 Jul 2026 13:38:53 GMT",https://www.businessdailyafrica.com/bd/corporate/companies/kbl-returns-to-court-over-alleged-corruption-in-arbitration-5535396,,,
World News API,"“Sasa umetuma Duale kututukana ati sisi ni mafisi ,"" Gachagua hits at Ruto over CS Duale remarks",,https://www.kenyamoja.com/video/sasa-umetuma-duale-kututukana-ati-sisi-ni-mafisi-gachagua-hits-ruto-over-cs-duale-remarks,,,
Business Today Kenya,Equity Life Retirement Funds Top Ksh900M  on Growing Demand,,,,,
Nairobi Wire,Meet the Team David Maraga Has Picked to Drive His 2027 Presidential Bid,,,,,
The Star,Western’s succession puzzle as leaders split over poll strategy,,https://www.the-star.co.ke/counties/western/2026-07-24-westerns-succession-puzzle-as-leaders-split-over-poll-strategy,,,
The Standard,NTSA intensifies road safety crackdown as school holiday begins,,https://www.standardmedia.co.ke/national/article/2001553610/ntsa-intensifies-road-safety-crackdown-as-school-holiday-begins,,,
The Star,"Kipruto hopes to topple Kiplimo as regional rivalry takes centre stage in star-studded Chicago MarathonAt last year's Chicago Marathon, Kiplimo stormed to victory in 2:02:23, comfortably holding off Kipruto, who crossed the line second in 2:03:54.",,https://www.the-star.co.ke/sports/athletics/2026-07-25-kipruto-hopes-to-topple-kiplimo-as-regional-rivalry-takes-centre-stage-in-star-studded-chicago-marathon,,,
NewsData.io,Canals of waste: Why multibillion-shilling Coast irrigation schemes fail,,,,,
The Standard,Gachagua's formula for picking flagbearer wrong,,https://www.standardmedia.co.ke/editorial/article/2001553624/gachaguas-formula-for-picking-flagbearer-wrong,,,
The Standard,Deadly wildfires force thousands from homes in parts of Europe,,https://www.standardmedia.co.ke/europe/article/2001553538/deadly-wildfires-force-thousands-from-homes-in-parts-of-europe,,,
Citizen Digital,News•30 seconds agoRelieved Russell says Mercedes have solved his power problems mysteryBy AFP,,https://citizen.digital/article/relieved-russell-says-mercedes-have-solved-his-power-problems-mystery-n387006,,,
The Mt Kenya Times,Duale’s sharp tongue lands him in NCIC’s crosshairs,2026-07-24 21:30:56,https://mountkenyatimes.co.ke/duales-sharp-tongue-lands-him-in-ncics-crosshairs/,,,
K24,World Cup: Scaloni breaks down during interview in emotional scenes after Argentina’s defeat,"Mon, 20 Jul 2026 05:56:15 +0000",https://k24.digital/sports/world-cup/world-cup-scaloni-breaks-down-during-interview-in-emotional-scenes-after-argentinas-defeat,,,
Financialcontent,iFortify: The Sub-Saharan African Cybersecurity Firm Quietly Defending the Continent’s Financial and Digital Infrastructure,2026-07-24 21:40:01,https://www.financialcontent.com/article/getnews-2026-7-24-ifortify-the-sub-saharan-african-cybersecurity-firm-quietly-defending-the-continents-financial-and-digital-infrastructure,,,
The East African,"7 Americans quarantine at Kenya Ebola facility, Aid group says","Fri, 17 Jul 2026 09:05:24 GMT",https://www.theeastafrican.co.ke/tea/sustainability/health/7-americans-quarantine-at-kenya-ebola-facility-5529762,,,
The East African,Africa in ‘reverse remittances’ as cost of visa to the West rises,"Fri, 10 Jul 2026 21:58:27 GMT",https://www.theeastafrican.co.ke/tea/business-tech/africa-in-reverse-remittances-cost-of-visa-to-the-west-rises-5524106,,,
Standard - Business,All in the cards: Woman who seeks life's meaning in tarot,"Wed, 15 Jul 2026 09:53:27 +0300",https://www.standardmedia.co.ke/business/article/2001552838/all-in-the-cards-woman-who-seeks-life-s-meaning-in-tarot,,,
The East African,Signs of a steep ‘Mt Kenya’ climb for Ruto emerge after party’s loss in by-election,"Fri, 17 Jul 2026 18:45:38 GMT",https://www.theeastafrican.co.ke/tea/news/east-africa/signs-of-a-steep-mt-kenya-climb-for-ruto-5530480,,,
KBC,"CDC calls for urgent action as Ebola cases top 2,400 in DR Congo","Wed, 22 Jul 2026 07:30:04 +0000",https://www.kbc.co.ke/cdc-calls-for-urgent-action-as-ebola-cases-top-2400-in-dr-congo/,,,
The Star,"Co-op Bank overtakes EABL in Nairobi bourse shake-up as market rally reshapes top fiveThe lender now ranks behind Safaricom, Equity Group Holdings and KCB Group in terms of market capitalisation.",,https://www.the-star.co.ke/business/markets/2026-07-22-co-op-bank-overtakes-eabl-in-nairobi-bourse-shake-up-as-market-rally-reshapes-top-five,,,
The Standard,Kenya calls for global push to end Sudan conflict,,https://www.standardmedia.co.ke/africa/article/2001553394/kenya-calls-for-global-push-to-end-sudan-conflict,,,
The Standard,Government's 15b tree campaign contradicted by forest destruction,,https://www.standardmedia.co.ke/environment-climate/article/2001552436/governments-15b-tree-campaign-contradicted-by-forest-destruction,,,
The Mt Kenya Times,Kang’ata joins Gachagua’s DCP ahead of 2027 polls,2026-07-24 21:01:39,https://mountkenyatimes.co.ke/kangata-joins-gachaguas-dcp-ahead-of-2027-polls/,,,
NewsData.io,"BasiGo to open EV charging stations in Meru, Nanyuki and Nyeri",,,,,
Standard - Kenya News,13 suspects arrested in Trans Nzoia gang crackdown,"Sun, 10 May 2026 13:56:23 +0300",https://www.standardmedia.co.ke/article/2001547468/13-suspects-arrested-in-trans-nzoia-gang-crackdown,,,
Kenyans.co.ke,"NLC, KeNHA Issue Notice to Landowners Over Airport, Road Expansion",2026-07-19T09:18:19+0300,https://www.kenyans.co.ke/news/125398-nlc-acquire-land-kabunde-airstrip-expansion-homabay-rongo-road-realignment,,,
Standard - Politics,"Nakuru senator blames Ruto's inner circle for UDA woes, Ol Kalou defeat","Tue, 21 Jul 2026 11:53:09 +0300",https://www.standardmedia.co.ke/politics/article/2001553351/nakuru-senator-blames-ruto-s-inner-circle-for-uda-woes-ol-kalou-defeat,,,
Standard - Business,Expanding your business through digital trade: What every Kenyan SME should know,"Wed, 22 Jul 2026 00:00:00 +0300",https://www.standardmedia.co.ke/business/article/2001553400/expanding-your-business-through-digital-trade-what-every-kenyan-sme-should-know,,,
Citizen Digital (via Google News),Ol Kalou by-election: IEBC warns against unaccredited 'super agents' posing as politicians' security - Citizen Digital,"Tue, 14 Jul 2026 07:00:00 GMT",https://news.google.com/rss/articles/CBMi0gFBVV95cUxQSTRFZWRobkFHYU1xRkd3SFhJWHJoU1pFWGpuR1hkOEpkUDg0UmRHdjRCenhsbExRTWtERWU5UWF3ZldORHFYUjZtaHBvYWh2cUZ1NWJHcEY4bjYwUmtJSUNZNVF6YUR3aDJTbG5vc1Rya2JqZHpCTjU4b3JrSnVDeGlUbzNPYUxCUEZiS1czNXNub2VST3ZVcW1Oa3d1S01MX2hEWmNfdExfVGwtV0pmbS0xSVVmZjdTVnF1WmRLVWh2NjRuUVFjN2g0ZU1FSV9qc1E?oc=5,,,
Kenyans.co.ke,KRA Gives Traders New 30-Day Notice on Goods,2026-07-19T10:40:41+0300,https://www.kenyans.co.ke/news/125400-kra-gives-importers-30-days-claim-goods-or-face-auction,,,
Standard - Politics,Clergy: 2027 elections may be flawed if goons are not tamed,"Thu, 23 Jul 2026 07:30:00 +0300",https://www.standardmedia.co.ke/politics/article/2001553511/clergy-2027-elections-may-be-flawed-if-goons-are-not-tamed,,,
Citizen Digital (via Google News),SBM Bank Kenya posts Ksh.548M half-year profit as earnings surge 171% - Citizen Digital,"Wed, 22 Jul 2026 14:59:04 GMT",https://news.google.com/rss/articles/CBMiqwFBVV95cUxQbzljeE5ITUR6bVVjMEhIS0hhSzhHR3FuZ1A1N24tWEU4RHpzTVBTMExHMy1XVVVpMVBUYmQ4U01UZlJySFpzdG1nM01ZNlEyekhlTlc2Nm9EUTR0UkhWU0p4MDJTM1B3UXFLRXVndlFpSUNtb2JKcTl4X1ZOLUNsaWZGdTdrZkc4MURVekp2bW5oQTg0TFJ2RU5yS0VSbVRhck12aTZZUVh3MEU?oc=5,,,
KBC,Kenya backs IGAD peace efforts in Horn of Africa,"Wed, 22 Jul 2026 18:23:52 +0000",https://www.kbc.co.ke/kenya-backs-igad-peace-efforts-in-horn-of-africa/,,,
Capital FM,Food Science expert urges Africa to dismantle innovation regulatory barriers to unlock bioeconomy potential,"Sat, 25 Jul 2026 08:25:08 +0000",https://capitalfm.africa/food-science-expert-urges-africa-to-dismantle-innovation-regulatory-barriers-to-unlock-bioeconomy-potential/,,,
NTV Kenya,Gachagua launches ‘Operation Fagia’ targeting Kenya Kwanza loyalists,"Fri, 24 Jul 2026 09:57:37 +0000",https://ntvkenya.co.ke/news/gachagua-launches-operation-fagia-targeting-kenya-kwanza/,,,
NTV Kenya,"EP9: Kabla ucomment social media, umewahi fikiria vile maneno Yako inaeza affect mtu?","Mon, 13 Jul 2026 10:33:31 +0000",https://ntvkenya.co.ke/podcast/e9-kabla-ucomment-social-media-umewahi-fikiria-vile-maneno-yako-inaeza-affect-mtu/,,,
NewsData.io,MPs Blame Kenya Power-REREC Rift for Delays in Electricity Connections,,,,,
Citizen Digital (via Google News),"Police delayed taking Albert Ojwang to hospital by 24 minutes, court hears - Citizen Digital","Wed, 22 Jul 2026 16:59:08 GMT",https://news.google.com/rss/articles/CBMiswFBVV95cUxQaGtRQV9VaVE3SHdjRHhwbGc3d3MwM3RHeHlVdk1VN3VkOXh1bGVOcVRBaElqSVRKOTNyN2VyandvWVd0dzZqeGgyejFJWEJGMVZnUmZEWUVJTFdLZ1RDYUh5bl9TMXVoeVpva2VIU3FHbHRvWkZOR2ZtdE5PeHQwTWlPeVFQMWhIY1owWF96cGxSeHBOc0dnZEhDOGV1dDNsTUN2ZlJFejBDSjgzWGNJbEdTUQ?oc=5,,,
NTV Kenya,Keroche faces auction over Sh22m debt to former employees,"Thu, 23 Jul 2026 10:21:22 +0000",https://ntvkenya.co.ke/politics/keroche-faces-auction-over-sh22m-debt-to-former-employees/,,,
Dispatch Argus,Cloud cover and 69 degrees expected for Bix 7 start time Saturday,2026-07-24 22:30:00,https://qconline.com/news/local/weather/article_f6b37b56-42d5-5c42-b1a8-b94cabbe1bd4.html,,,
Currents API,Kenya: Isiolo Businesswoman Shot Dead in Suspected Targeted Attack As Governor Demands Swift Probe,,,,,
NTV Kenya,"US to block citizens in Congo from immediate travel home, citing Ebola","Tue, 14 Jul 2026 07:34:20 +0000",https://ntvkenya.co.ke/news/us-to-block-citizens-in-congo-from-immediate-travel-home-citing-ebola/,,,
The Star,Mutuse urges Kalonzo to join Ruto ahead of 2027 polls,,https://www.the-star.co.ke/counties/eastern/2026-07-23-mutuse-urges-kalonzo-to-join-ruto-ahead-of-2027-polls,,,
Kahawa Tungu,Panic as Safarilink plane veers off Wilson Airport runway after tyre burst,"Sat, 25 Jul 2026 05:12:03 +0000",https://kahawatungu.com/safarilink-plane-veers-off-wilson-airport-runway-after-tyre-burst/,,,
Currents API,Kenya: Coffee Revival Gathers Pace As 6 Western Counties Chart Sector Recovery,,,,,
Business Daily Africa,Firm seeks to quantify losses in Absa data breach claim,"Tue, 21 Jul 2026 13:25:04 GMT",https://www.businessdailyafrica.com/bd/corporate/companies/firm-hires-auditor-to-quantify-losses-in-absa-data-breach-5533400,,,
NTV Kenya,Inside LSK’s Nationwide Court Boycott | SC Charles Kanjama,"Wed, 22 Jul 2026 07:56:55 +0000",https://ntvkenya.co.ke/arts-lifestyle/inside-lsks-nationwide-court-boycott-sc-charles-kanjama/,,,
Citizen Digital (via Google News),South C building collapse: Court issues arrest warrant for accused Nairobi County official - Citizen Digital,"Mon, 20 Jul 2026 07:53:27 GMT",https://news.google.com/rss/articles/CBMiyAFBVV95cUxOeE9YWjhUNlNwOFhoSzZNTnU1cXI4ZWQwcnlhRDF3di1Hc05zUmhqNHgtazhiYmVLQmdFSFZXSXkxdEtZRlFnYVlpTHdlUTNGVTNiQmY1ZzlqNlJiTlU5Q1lyU2puZExVbW42V0F5RmlTQ1RCQ2lNVDBLc29uX3RZeEZ3ZTUzcExKUkRuYkh5blI2RlpCYXpsREdyWF91d19NODJYUGdSOEJOckdUbms0bnhyLTc1SGtVNTFKM2p5MW5pUWh4Zl9JNA?oc=5,,,
Citizen Digital (via Google News),"Ol Kalou polls: UDA’s Muchina claims vehicle burnt, voter bribery in polling stations - Citizen Digital","Thu, 16 Jul 2026 19:13:17 GMT",https://news.google.com/rss/articles/CBMivwFBVV95cUxOQVNZbzY4UE1mR0hMVTd0bm5MX1pYSkFVRGJNZ3ItWE55a0R4ajZZSWxUa2JWU2VHNlVaemtIN1hxLS1lbUd2WFd1YTZ2VGl2ekRiblV3WC1DMWJfMWhEX2Zua3V1cVRkbUFoUnIxRWp6VlduSV9fVVVKQVdvQTV5WFVzUGJRVW9KOVBaaS1XalVVNFpZWVdaS1hxQ18zQkNnMzRFcEt5di1wMnBmUUtzSklqZld6emJjRGgwc01haw?oc=5,,,
NTV Kenya,"United Opposition steps up anti-Ruto campaign, vows to protect vote amid...",,https://ntvkenya.co.ke/politics/united-opposition-steps-up-anti-ruto-campaign-vows-to-protect-vote-amid-rigging-claims/,,,
Business Today Kenya,Nairobi County Eyes Major Hike in Daily Parking Fees,,,,,
NTV Kenya,Babu Owino tops list as preferred Raila Odinga successor – Infotrak,,https://ntvkenya.co.ke/news/babu-owino-tops-list-as-preferred-raila-odinga-successor-infotrak/,,,
Citizen Digital (via Google News),Israel warns will respond to any Iran attack with 'full force' - Citizen Digital,"Sun, 19 Jul 2026 19:14:20 GMT",https://news.google.com/rss/articles/CBMiogFBVV95cUxOLUYyYWtmVEg1c1NsZU1tTGVVUnV5dy11c2hudkdGNkptTC1od1BNN1lJV2RjR1Z4TnlXVHByV183YXlyNThTLWx5NXpnSjlmSFMyNVdJdFZaM1lqdlRjazhZdEtzMXYzcjM4TDdtOUVQZW1TcnJIUmVOeDhXdFdGOWQ1WXo5aGpLRzhmSVQ3Qi1VM0Y4dnNhY3g0c0owaVpxSnc?oc=5,,,
The East African,"South Sudan cancels 2018 peace deal, clearing way for December elections","Fri, 24 Jul 2026 01:34:49 GMT",https://www.theeastafrican.co.ke/tea/news/east-africa/south-sudan-cancels-2018-peace-deal-5535968,,,
The Star,Impala Sevens coach Nyandigisi backs young charges to ruffle feathers at national circuit,,https://www.the-star.co.ke/sports/rugby/2026-07-23-impala-sevens-coach-nyandigisi-backs-young-charges-to-ruffle-feathers-at-national-circuit,,,
NTV Kenya,Jacob Zuma daughter pleads not guilty over deadly South African riots as...,,https://ntvkenya.co.ke/news/jacob-zuma-daughter-pleads-not-guilty-over-deadly-south-african-riots-as-trial-begins/,,,
Business Daily,Toned back for women: The newest obsession and how to get it,"Fri, 24 Jul 2026 19:16:06 GMT",https://www.businessdailyafrica.com/bd/lifestyle/health-fitness/toned-back-for-women-the-newest-obsession-5536800,,,
The Standard,"Haiti needs urgent help, Monicah Juma tells UN Security Council",,https://www.standardmedia.co.ke/national/article/2001553539/haiti-needs-urgent-help-monicah-juma-tells-un-security-council,,,
K24,France set to unveil Zidane as Didier Deschamps’s successor,"Thu, 23 Jul 2026 14:23:32 +0000",https://k24.digital/sports/world-cup/french-fa-to-unveil-zidane-as-didier-deschampss-successor,,,
Capital FM,Artcaffé Eyes New Markets on Demand for Curated Dining,"Sat, 25 Jul 2026 07:43:14 +0000",https://capitalfm.africa/artcaffe-eyes-new-markets-on-demand-for-curated-dining/,,,
The Standard,How missing Kiamaiko trader Zizo was abducted by armed men in police uniform,,https://www.standardmedia.co.ke/national/article/2001553460/how-missing-kiamaiko-trader-zizo-was-abducted-by-armed-men-in-police-uniform,,,
Standard - Business,Regulatory maze slows Kenya's drive for bigger EU exports,"Wed, 15 Jul 2026 12:27:47 +0300",https://www.standardmedia.co.ke/business/article/2001552862/regulatory-maze-slows-kenya-s-drive-for-bigger-eu-exports,,,
Nation,Why Rio lesson matters for Kenya,2026-07-24 21:04:00,https://nation.africa/kenya/blogs-opinion/opinion/why-rio-lesson-matters-for-kenya--5536632,,,
Players,Commonwealth Games viewing guide: Canadians to watch this weekend,2026-07-24 23:21:08,https://players.bio/news/commonwealth-games-viewing-guide-canadians-2/892799,,,
World News API,"THE EXPLAINER 21ST JULY, 2026",,,,,
Citizen Digital (via Google News),Murkomen hits back at Gachagua over police rape claims in Ol Kalou - Citizen Digital,"Sat, 18 Jul 2026 16:38:21 GMT",https://news.google.com/rss/articles/CBMiqgFBVV95cUxOTEpFa3FyYkkwX1psVXhwWnpDY2V5MWxSdk50eURCb1J2YnRDSUpaN2xIZ0lKSm40eWhLdk9jMVhWaFVKODF4NU1HY055bWVqWUxmMzA4Nzl5Qm1wS0dYbGFOSkdfdlJEb2xMc3ktdGNDYjFuekJROE9hMzVDaTViVWFVWE94UGEzcEs5bEVCNWpqS2RZOUJSenBnSlJpUUY0TWc5cnc4Y0xTQQ?oc=5,,,
Standard - Business,"KenGen's ambitious 5,500 MW plan to deal with rising demand for electricity","Sat, 18 Jul 2026 06:00:00 +0300",https://www.standardmedia.co.ke/business/article/2001553075/kengen-s-ambitious-5-500-mw-plan-to-deal-with-rising-demand-for-electricity,,,
Standard - Business,SBM Bank Kenya's profit jumps 171pc as deposits near Sh100b,"Thu, 23 Jul 2026 07:00:00 +0300",https://www.standardmedia.co.ke/business/article/2001553498/sbm-bank-kenya-s-profit-jumps-171pc-as-deposits-near-sh100b,,,
Ghafla Kenya,Bolo Bespoke Challenges Oga Obinna To Boxing Match After KES 2M World Cup Win,,,,,
Nairobi Wire,How Prosecutors Plan to Prove Albert Ojwang’ Was Killed in Custody,,,,,
NTV Kenya,"MPs pass Finance Bill 2026, awaits President Ruto’s assent",,https://ntvkenya.co.ke/news/mps-vote-on-finance-bill-2026-ammendments/,,,
The Standard,Alarm over rising cases of suicide among men in Taita Taveta,,https://www.standardmedia.co.ke/coast/article/2001553313/alarm-over-rising-cases-of-suicide-among-men-in-taita-taveta,,,
Business Today Kenya,Kitale Jitume Centre Empowering Youth for Digital Jobs,,,,,
K24,How a car’s suspension system works to protect your spine,"Wed, 22 Jul 2026 18:07:37 +0000",https://k24.digital/lifestyle/technology/how-a-cars-suspension-system-works-to-protect-your-spine,,,
KBC,"Mau, Angata Barikoi, and Cheluget land disputes nearing resolution, says Senator Cheruiyot","Thu, 23 Jul 2026 18:34:31 +0000",https://www.kbc.co.ke/mau-angata-barikoi-and-cheluget-land-disputes-nearing-resolution-says-senator-cheruiyot/,,,
The Star,Police CCTV should not have a delete button,,https://www.the-star.co.ke/opinion/columnists/2026-07-25-police-cctv-should-not-have-a-delete-button,,,
Standard - Headlines,Opposition unveils 'People's Budget' ahead of 202627 fiscal plan,"Wed, 10 Jun 2026 19:28:29 +0300",https://www.standardmedia.co.ke/article/2001550016/opposition-unveils-people-s-budget-ahead-of-202627-fiscal-plan,,,
Cp24,Commonwealth Games: Canada begins defence of women's wheelchair basketball crown,2026-07-24 20:16:28,https://www.cp24.com/news/sports/2026/07/24/commonwealth-games-canada-begins-defence-of-womens-wheelchair-basketball-crown/,,,
Standard - Kenya News,Partial closure on Ngong road as KURA finalises Sh3.8 B junction mall viaduct,"Sun, 17 May 2026 11:47:54 +0300",https://www.standardmedia.co.ke/article/2001548033/partial-closure-on-ngong-road-as-kura-finalises-sh3-8-b-junction-mall-viaduct,,,
KBC,"EACC arrests Kangema magistrate, probation officer for bribery","Wed, 22 Jul 2026 06:44:51 +0000",https://www.kbc.co.ke/eacc-arrests-kangema-magistrate-probation-officer-for-bribery/,,,
Business Daily,Dealmaker Kenne owner of Nabo Capital acquirer,"Mon, 20 Jul 2026 17:48:11 GMT",https://www.businessdailyafrica.com/bd/corporate/companies/dealmaker-kenne-owner-of-nabo-capital-acquirer-5532664,,,
Ghafla Kenya,Kenya Met Forecast: 19 Counties to Receive Rain as Cold Nights Persist Across Several Regions,,,,,
The Standard Headlines,Russia begins process to compensate kin of Kenyans killed in Ukraine war,"Sun, 28 Jun 2026 15:00:57 +0300",https://www.standardmedia.co.ke/article/2001551509/russia-begins-process-to-compensate-kin-of-kenyans-killed-in-ukraine-war,,,
The East African,Somalia detains four youth for 'desecrating US flag,"Tue, 14 Jul 2026 07:57:21 GMT",https://www.theeastafrican.co.ke/tea/news/east-africa/somalia-detains-four-youth-for-desecrating-us-flag-5526314,,,
K24,"Pritty Vishy announces social media break, says DJ journey left her feeling defeated and hated","Sat, 25 Jul 2026 04:45:40 +0000",https://k24.digital/entertainment/celebrity/pritty-vishy-announces-social-media-break-says-dj-journey-left-her-feeling-defeated-and-hated,,,
Citizen Digital (via Google News),Teen dies during Spain World Cup celebrations: local authorities - Citizen Digital,"Mon, 20 Jul 2026 07:26:40 GMT",https://news.google.com/rss/articles/CBMipgFBVV95cUxPOWoxTTl4dlJVZW1BOTRfZjVTVzdkbV8yMEhyaDVocFduN3owbVAwSUFVS1RCS012bVRQeVUyWjJIS3lWODNXTlBvb2J2M0dxM2dWQTF2TU85SHFnWXpjLTNIdW9oRGVMZG5seE1OYXJDMDAtUmY5SkF0UzlLbV9MMVd6a3U3VFhJOElJU1lYeTFTMWFhOExYWWJQZTFjbGZqU0pRTlJ3?oc=5,,,
Nairobi Wire,Linda Mwananchi Claims Ruto Blocked Bid to Register New Political Party,,,,,
Citizen Digital,"5 hours agoSharon Otieno murder case: Obado, co-accused placed in police custody as bond cancelled after convictionBy Dzuya WalterThe court hence directed that the accused persons be remanded to police custody until after 21 days when the matter shall be mentioned again to confirm compliance with orders.Judge Cecilia Githua had...Read More",,https://citizen.digital/article/sharon-otieno-murder-case-obado-co-accused-placed-in-police-custody-as-bond-cancelled-after-conviction-n386985,,,
K24,How salt affects athletic performance,"Sun, 19 Jul 2026 17:11:35 +0000",https://k24.digital/lifestyle/health-and-fitness/how-salt-affects-athletic-performance,,,
Kahawa Tungu,"Over 17,000 passengers pass through Mombasa airport in 10 days as tourism picks up","Sat, 25 Jul 2026 08:20:48 +0000",https://kahawatungu.com/over-17000-passengers-pass-through-mombasa-airport-in-10-days-as-tourism-picks-up/,,,
Citizen Digital,Traders count losses as Kirinyaga Road repairs drag on,,https://citizen.digital/article/traders-count-losses-as-kirinyaga-road-repairs-drag-on-n386622,,,
Kenyans.co.ke,U.S. Company Among Firms Shortlisted for Kenya's Lucrative Minerals Deal,2026-07-24T07:19:22+0300,https://www.kenyans.co.ke/news/125552-critical-metals-corp-among-firms-shortlisted-kenyas-mrima-hill-minerals-project,,,
Capital FM Kenya,"Khalwale urges Ruto to scrap SHA, restore NHIF after university funding U-turn","Thu, 23 Jul 2026 14:53:52 +0000",https://capitalfm.africa/khalwale-urges-ruto-to-scrap-sha-restore-nhif-after-university-funding-u-turn/,,,
The Star,OKUMU: The toll at every doorThe answer is not to build everything ourselves but terms that keep the keys in our hands even when the tool is someone else's,,https://www.the-star.co.ke/opinion/columnists/2026-07-14-okumu-the-toll-at-every-door,,,
The Standard,Of Charles Owino's appointment and looming cabinet reshuffle,,https://www.standardmedia.co.ke/national/article/2001553593/of-charles-owinos-appointment-and-looming-cabinet-reshuffle,,,
Ghafla,Co-op Bank hosts Virtual Seminar promoting Smart Farming and Agriculture,2026-07-24 21:20:08,https://www.ghafla.co.ke/co-op-bank-hosts-virtual-seminar-promoting-smart-farming-and-agriculture/,,,
The Mt Kenya Times,The analogy of plight and plunder: The case of a haemorrhaging nation,2026-07-24 22:34:05,https://mountkenyatimes.co.ke/the-analogy-of-plight-and-plunder-the-case-of-a-haemorrhaging-nation/,,,
Thewill News,WAFCON 2026 Delayed At Last Minute: Here Are 7 Reasons Fans Won’t Regret The Wait,2026-07-24 21:04:49,https://thewillnews.com/wafcon-2026-delayed-at-last-minute-here-are-7-reasons-fans-wont-regret-the-wait/,,,
KBC,Senator Methu claims recent intense by-election campaign led to weight loss,"Wed, 22 Jul 2026 05:45:56 +0000",https://www.kbc.co.ke/senator-methu-claims-recent-intense-by-election-campaign-led-to-weight-loss/,,,
Citizen Digital (via Google News),Ebola: 7 Americans quarantined in Kenya after US travel ban - Citizen Digital,"Fri, 17 Jul 2026 12:44:37 GMT",https://news.google.com/rss/articles/CBMinwFBVV95cUxOcTdRMUY0NmhIeWpxSWJhRmhGUVA3TC13bjVTTlNVTENhX084Qi1pbTc1aHZzZ3N2T0VCVFlIOUFKd0VwRnZxQldpeWQ2N3lKN0IwMDUzNHFvVV9yV05DSkhuYTBXdGVkbzFxZnphaHNGbnpGR09FUzZwNWlVU05jTTRVTE5UelY4NWZqdVk2dXo3bXVJVzc5V01YMEFQLVU?oc=5,,,
Business Daily Africa,State ordered to produce key records in Kenya Pipeline sale,"Thu, 16 Jul 2026 16:48:14 GMT",https://www.businessdailyafrica.com/bd/economy/government-ordered-to-produce-records-in-kenya-pipeline-sale-5529468,,,
World News API,Western on standstill as rival politicians scramble for Mulembe cake,,https://www.standardmedia.co.ke/politics/article/2001553692/western-on-standstill-as-rival-politicians-scramble-for-mulembe-cake,,,
The Star,Tusker plot fast start at Kagame Cup as pre-season preps gather paceTusker kick off their Group C fixtures against Sudanese giants Al Hilal SC on Sunday at the Amahoro Stadium.,,https://www.the-star.co.ke/sports/football/2026-07-24-tusker-plot-fast-start-at-kagame-cup-as-pre-season-preps-gather-pace-1,,,
Standard - Business,How Kenya's green energy revolution is attracting global climate capital,"Tue, 21 Jul 2026 06:00:00 +0300",https://www.standardmedia.co.ke/business/article/2001553315/how-kenya-s-green-energy-revolution-is-attracting-global-climate-capital,,,
Newsroom,Comm Games Day 1: Semi-sweet first medal for Erika Fairweather,2026-07-24 21:20:09,https://newsroom.co.nz/2026/07/25/comm-games-day-1-semi-sweet-first-medal-for-erika-fairweather/,,,
World News API,Azerbaijan lists banks by their operational expenses,,,,,
Shotoe Nigeria,How China Benefits from Zimbabwe's Lithium Laws,2026-07-25 00:00:00,https://ng.shotoe.com/lithium-st_466306/news/how-china-benefits-from-zimbabwes-lithium-laws-sn_4386726/,,,
K24 Tv,Crowds gather in Kisumu to receive TikToker Zack Apela’s body days after his death in US,2026-07-24 21:19:44,https://k24.digital/entertainment/celebrity/crowds-gather-in-kisumu-to-receive-tiktoker-zack-apelas-body-days-after-his-death-in-us,,,
NewsData.io,Tributes Pour In After Former TUM Student Leader Dies Following Medical Emergency,,,,,
People Daily,Poor harvest before El Niño: Kenya faces double food security threat as rains shift to January,2026-07-24 22:52:15,https://peopledaily.digital/news/poor-harvest-before-el-nino-kenya-faces-double-food-security-threat-as-rains-shift-to-january,,,
The Star,"GT Bank managing director to exit as sector shake-up continuesThe lender said the MD has been recalled to parent company Guaranty Trust Bank Limited in Nigeria,",,https://www.the-star.co.ke/business/kenya/2026-07-20-gt-bank-managing-director-to-exit-as-sector-shake-up-continues,,,
Citizen Digital (via Google News),"Fresh petition filed to remove Kenya Re CEO Hillary Wachinga over mismanagement, staff harassment claims - Citizen Digital","Fri, 24 Jul 2026 08:12:35 GMT",https://news.google.com/rss/articles/CBMi2wFBVV95cUxNOEthRnJ2YW5NRlpxX3dyb3h1QmxhODlnWUttaDNfaFBHUE1lLVdQakNVU3FRcjM1TV96UmlRbXEydWRoTXBMTGUyN0drOTN3TGxpQWlUemJSX1E1dk5rQnpnZVgzdGtzWDluYVh5TncwMXJpLWplWDRuWU1PVWZiYjZISk83bFdZc2pwdlpHTURqcDc0TkFhbGhpOFdHb0tsa2w3V2pHOHJlUVM5am40N3pLczNzOERLYUt5T3pDX1RFSHJnWWlVNEhwQnBRMXJHckZ6eTF5OFBJbXM?oc=5,,,
Capital FM,"Kirinyaga, Wajir, Nyeri, Kiambu and Mombasa top Politrack governors’ performance index","Sat, 25 Jul 2026 08:10:48 +0000",https://capitalfm.africa/kirinyaga-wajir-nyeri-kiambu-and-mombasa-top-politrack-governors-performance-index/,,,
World News API,Ministry to tighten food safety after study detects pesticide residues in vegetables,,https://www.standardmedia.co.ke/health/health-science/article/2001553711/ministry-to-tighten-food-safety-after-study-detects-pesticide-residues-in-vegetables,,,
The Standard Headlines,MPs push for urgent resolution of higher education funding crisis,"Thu, 16 Jul 2026 18:27:20 +0300",https://www.standardmedia.co.ke/article/2001552991/mps-push-for-urgent-resolution-of-higher-education-funding-crisis,,,
People Daily,"How Kang’ata’s DCP switch boosts Gachagua’s Mt Kenya grip, rattles Ruto’s 2027 plans",2026-07-24 22:15:44,https://peopledaily.digital/inside-politics/how-kangatas-dcp-switch-boosts-gachaguas-mt-kenya-grip-rattles-rutos-2027-plans,,,
NTV Kenya,Brazil’s former President Bolsonaro begins serving 27-year prison...,,https://ntvkenya.co.ke/news/brazil-former-president-bolsonaro-begins-serving-27-year-prison-sentence/,,,
K24,Bruised Banana: History behind Arsenal’s new away kit,"Sat, 25 Jul 2026 05:40:13 +0000",https://k24.digital/sports/epl/bruised-banana-history-behind-arsenals-new-away-kit,,,
Kenyans.co.ke,Blow to Politicians as Police Threaten to Withdraw Security,2026-07-21T15:35:12+0300,https://www.kenyans.co.ke/news/125471-police-withdraw-security-politicians-who-hire-goons-coast-commander-warns,,,
Citizen Digital (via Google News),"Ex-Migori Governor Obado, co-accused found guilty of Sharon Otieno's murder - Citizen Digital","Thu, 23 Jul 2026 12:34:52 GMT",https://news.google.com/rss/articles/CBMiswFBVV95cUxOZnN2QnoyUjhScmZ1aE92elBVbnZKd2dwRWM3eVpGTjdlQTR3QlJQeDRwNkJfODVqZGl2NFRwZkxHOGQ1aUx5N0pwVjRHTGc2b1ZHajhXZ0hsV3FHRGJjRVFVTXU3dkNUT2pUNDdjZ2ZxZlIxQU1jYTRlanVBZWtGVVdJT3Z6NnJZa1doNXAwRllfcDYwZnBhOWMxMWFPdUZ0MWpsNk1LeWkyaGRFUVNwdEZPZw?oc=5,,,
The Star,Ghana TikToker jailed after sharing false news about the presidentCamilla Alhassan alleged without evidence the president had conducted a ritual to help win an election.,,https://www.the-star.co.ke/news/africa/2026-07-17-ghana-tiktoker-jailed-after-sharing-false-news-about-the-president-1,,,
Kenyans.co.ke,Ruto Appoints Ol Kalou UDA Candidate Samuel Muchina to Govt,2026-07-22T15:08:46+0300,https://www.kenyans.co.ke/news/125510-ruto-appoints-ol-kalou-uda-candidate-samuel-muchina-nairobi-rivers-commission,,,
The Standard Headlines,Ndindi Nyoro seeks annulment of Safaricom stake sale,"Wed, 08 Jul 2026 20:11:00 +0300",https://www.standardmedia.co.ke/article/2001552322/ndindi-nyoro-seeks-annulment-of-safaricom-stake-sale,,,
Citizen Digital,"Prince Indah, Ywaya Tajiri lead Spotify's biggest streaming gains among Nairobi Gen Z listeners",,https://citizen.digital/article/prince-indah-ywaya-tajiri-lead-spotifys-biggest-streaming-gains-among-nairobi-gen-z-listeners-n386923,,,
Citizen Digital (via Google News),Aston Villa sign Joao Gomes from Wolves - Citizen Digital,"Mon, 20 Jul 2026 13:31:16 GMT",https://news.google.com/rss/articles/CBMihgFBVV95cUxNUkFNLVpfdVR5d1VPZTBNaFRqMkt3Q2R6aFpMamVvLXIzbEN4R1BNNkowRXpBcy0xeTFlMWxFWVVpak4yalo5anRNVkd3c1J3SUtocTNCTlNsX05oNWdpWFBUajh2UXhIYUVVeXU0OU1YU25ua1RXNnh6U05SS1R0UjhrWDB6UQ?oc=5,,,
The Standard,Nairobi National Park hosts court inspection in orphanage relocation dispute,,https://www.standardmedia.co.ke/environment-climate/article/2001553429/nairobi-national-park-hosts-court-inspection-in-orphanage-relocation-dispute,,,
The Star,Kirimi: How emergency responses save lives during Kenya’s disastersJoy Kirimi explains how significant the golden hour is during emergencies,,https://www.the-star.co.ke/health/2026-07-08-kirimi-how-emergency-responses-save-lives-during-kenyas-disasters,,,
Capital FM Kenya,Gachagua says UDA will lose every seat in Mt Kenya,"Wed, 22 Jul 2026 17:12:22 +0000",https://capitalfm.africa/gachagua-says-uda-will-lose-every-seat-in-mt-kenya/,,,
Currents API,NOTICE TO DISREGARD -- Critical Metals Corp,,,,,
Standard - Politics,Bleak future: Why DP Kindiki is now walking on political egg shells,"Sun, 19 Jul 2026 10:00:00 +0300",https://www.standardmedia.co.ke/politics/article/2001553165/bleak-future-why-dp-kindiki-is-now-walking-on-political-egg-shells,,,
Citizen Digital (via Google News),Kerugoya court issues conservatory orders stopping rice importation - Citizen Digital,"Wed, 22 Jul 2026 11:26:31 GMT",https://news.google.com/rss/articles/CBMiqwFBVV95cUxNMXlkZUdfZ0N2LVR0VXRpanBTUlI1RHp4T2Y1Q2lQWl9YV3U0MWFrRjFOY19rYkRpTEYzMXFvVGtqcFo0aHo2OURNMzc0dzVnRDFfYURDNUR1d2IxUmJueUFEQWhCZXFHZTF5UXFHZ1cwV0hqR2lzWEZoeVFFVXhTUGtPdjFEUUZleXlpNjhVN0tXUWxPdXhtQUw0Z29ZamtvRnNIdTRqTUJTWGc?oc=5,,,
The Star,"Young Mwamba ready for National Sevens Series challenge, says MurungaMurunga said the club’s focus will be on giving young players valuable exposure rather than piling pressure on them.",,https://www.the-star.co.ke/sports/rugby/2026-07-09-young-mwamba-ready-for-national-sevens-series-challenge-says-murunga,,,
Capital FM Kenya,"High Court strikes out ‘premature’ bid to bar Wetang’ula, Kingi from political activities","Thu, 23 Jul 2026 13:48:43 +0000",https://capitalfm.africa/high-court-strikes-out-premature-bid-to-bar-wetangula-kingi-from-political-activities/,,,
People Daily,Inside govt’s 30-year recruitment plan transforming Kenya’s public service workforce by 2055,2026-07-24 20:18:44,https://peopledaily.digital/news/inside-govts-30-year-recruitment-plan-transforming-kenyas-public-service-workforce-by-2055,,,
The Star,"World champion Odira to launch Commonwealth gold quest on MondayOdira boasts continental silver from the 2024 African Championships in Douala, Cameroon.",,https://www.the-star.co.ke/sports/athletics/2026-07-25-world-champion-odira-to-launch-commonwealth-gold-quest-on-monday,,,
Standard - Headlines,"Kang'ata attends Linda Mwananchi rally in Thika, criticises Ruto policies","Sun, 14 Jun 2026 18:17:44 +0300",https://www.standardmedia.co.ke/article/2001550328/kang-ata-attends-linda-mwananchi-rally-in-thika-criticises-ruto-policies,,,
K24,Five common misconceptions about tetanus,"Tue, 21 Jul 2026 22:27:56 +0000",https://k24.digital/lifestyle/health-and-fitness/five-common-misconceptions-about-tetanus,,,
Ghanamma,"Kenya’s Elite Sharpshooters Dominate IPSC Championship, Showcasing Nation’s Rising Talent in Practical Shooting",2026-07-24 21:00:46,https://www.ghanamma.com/2026/07/24/kenyas-elite-sharpshooters-dominate-ipsc-championship-showcasing-nations-rising-talent-in-practical-shooting/,,,
The Star,Rival dismisses Otuoma-Ojaamong alliance ahead of 2027 Busia contestOsiya says deal too late to save Otuoma's dwindling reelection bid,,https://www.the-star.co.ke/counties/western/2026-07-23-rival-dismisses-otuoma-ojaamong-alliance-ahead-of-2027-busia-contest,,,
Citizen Digital,Family land dispute disrupts burial in Kirinyaga,,https://citizen.digital/article/family-land-dispute-disrupts-burial-in-kirinyaga-n386642,,,
The Star,"Nairobi saves Sh8.48bn by strengthening in-house legal teamDuring the review period, the county concluded 174 court cases, with 84 of them handled by internal lawyers.",,https://www.the-star.co.ke/counties/nairobi/2026-07-22-nairobi-saves-sh848bn-by-strengthening-in-house-legal-team,,,
World News API,Co-op Bank wins two Euromoney awards; Kenya’s Best Retail Bank and Best Digital Bank,,,,,
Standard - Politics,How Sifuna's Western tour has rattled Kenya Kwanza,"Fri, 24 Jul 2026 09:00:00 +0300",https://www.standardmedia.co.ke/politics/article/2001553598/how-sifuna-s-western-tour-has-rattled-kenya-kwanza,,,
World News API,"Genesis, The Last Chapter - Changing Lanes without Missing a beat",,https://www.kenyamoja.com/video/genesis-last-chapter-changing-lanes-without-missing-beat-ntv-video-411429,,,
Business Daily Africa,Court rejects bid to oust lawyers in EABL sale dispute,"Tue, 21 Jul 2026 12:56:34 GMT",https://www.businessdailyafrica.com/bd/corporate/companies/court-rejects-bid-to-oust-lawyers-in-eabl-sale-dispute-5533320,,,
Capital FM,"Mombasa Airport Handles 17,000 Passengers in 10 Days","Sat, 25 Jul 2026 07:55:29 +0000",https://capitalfm.africa/mombasa-airport-handles-17000-passengers-in-10-days/,,,
Nation,All the best to Starlets,2026-07-24 21:01:00,https://nation.africa/kenya/blogs-opinion/editorials/all-the-best-to-starlets-5536762,,,
Citizen Digital,From political titan to convicted killer: The rise and fall of Okoth Obado,,https://citizen.digital/article/from-political-titan-to-convicted-killer-the-rise-and-fall-of-okoth-obado-n387010,,,
Ghafla Kenya,Kindiki Defended As Ruto’s Running Mate In 2027 Amid Pressure Following UDA’s Ol Kalou Loss,,,,,
Newstalkzb,Avocados: Asian demand and new trade deals reshaping New Zealand’s exports,2026-07-24 20:41:11,https://www.newstalkzb.co.nz/news/national/avocados-asian-demand-and-new-trade-deals-reshaping-new-zealand-s-exports/,,,
Citizen Digital (via Google News),High Court clears construction of 52KM road through Aberdare National Park and Forest - Citizen Digital,"Fri, 17 Jul 2026 12:29:02 GMT",https://news.google.com/rss/articles/CBMiwwFBVV95cUxNWm82MklBMVdNR1hhQmNnR2JMTzBaZzJuYUZfQUtCMXRiQzEtQzZpUGdVSVVKZ3l2M2JFUEhnaUdlb1E1ZmZQZGNHRkJnSXc3Q091WjBTUklGalo0aVNvODR6Vl9uRUZHMHg0N0FVSW9jT2xJWmxiNThJaDRNYnZiaElHYUtHbFc1MFFMaGxwTEh2MkdVNGl5aHJYMmdYZEtQT1Q2elI3TlZvSDNDUDJrcTdwZzlyeF90V29OMl9uVDc3SXc?oc=5,,,
The Standard Headlines,Ndindi Nyoro seeks annulment of Safaricom stake sale,"Wed, 08 Jul 2026 20:11:00 +0300",https://www.standardmedia.co.ke/article/2001552322/ndindi-nyoro-seeks-annulment-of-safaricom-stake-sale,,,
NTV Kenya,Noma S22 E8,"Thu, 16 Jul 2026 14:50:00 +0000",https://ntvkenya.co.ke/arts-lifestyle/noma-s22-e8/,,,
The Standard Headlines,"Luo nation will not take part in protests, MPs say","Wed, 24 Jun 2026 20:19:00 +0300",https://www.standardmedia.co.ke/article/2001551221/luo-nation-will-not-take-part-in-protests-mps-say,,,
Capital FM Kenya,Britain moves Haraka Storm military drills out of Kenya after licence setback,"Thu, 23 Jul 2026 12:03:58 +0000",https://capitalfm.africa/britain-moves-haraka-storm-military-drills-out-of-kenya-after-licence-setback/,,,
The Standard,The best financial lesson from the World Cup: Prepare,,https://www.standardmedia.co.ke/opinion/article/2001553159/the-best-financial-lesson-from-the-world-cup-prepare,,,
The Standard,New Bill recommends compulsory annual emissions tests for all vehicles,,https://www.standardmedia.co.ke/environment-climate/article/2001552336/new-bill-recommends-compulsory-annual-emissions-tests-for-all-vehicles,,,
K24,Aston Villa reach agreement to sign Alejandro Garnacho from Chelsea on Ksh7.3B loan deal,"Thu, 23 Jul 2026 07:11:11 +0000",https://k24.digital/sports/epl/aston-villa-reach-agreement-to-sign-alejandro-garnacho-from-chelsea-on-ksh7-3b-loan-deal,,,
NTV Kenya,South Korea court gives ex-First Lady 7-year jail term for bribery,,https://ntvkenya.co.ke/news/south-korea-court-gives-ex-first-lady-7-year-jail-term-for-bribery/,,,
NTV Kenya,Sifuna: I am no one’s project,,https://ntvkenya.co.ke/news/sifuna-i-am-no-ones-project/,,,
K24,7 Practical ways to leave work at work,"Tue, 21 Jul 2026 20:32:31 +0000",https://k24.digital/lifestyle/mental-wellnes/7-practical-ways-to-leave-work-at-work,,,
Capital FM,"Ruto defends SHA, says it is ‘ten times better’ than NHIF","Sat, 25 Jul 2026 09:51:32 +0000",https://capitalfm.africa/ruto-defends-sha-says-it-is-ten-times-better-than-nhif/,,,
World News API,IATA launches safety workshops under Focus Africa,,https://economist.com.na/108606/human-resources/iata-launches-safety-workshops-under-focus-africa,,,
Standard - Business,Kenya's economy creates more millionaires,"Sun, 19 Jul 2026 10:00:00 +0300",https://www.standardmedia.co.ke/business/article/2001553164/kenya-s-economy-creates-more-millionaires,,,
Standard - Business,Lamu refinery eyes Africa's 86 million tonnes fuel import gap,"Mon, 20 Jul 2026 06:30:00 +0300",https://www.standardmedia.co.ke/business/article/2001553243/lamu-refinery-eyes-africa-s-86-million-tonnes-fuel-import-gap,,,
The Standard Headlines,Scammed and abandoned: Who will save Uasin Gishu parents in Finland education saga?,"Sat, 25 Jul 2026 07:15:00 +0300",https://www.standardmedia.co.ke/article/2001553686/scammed-and-abandoned-who-will-save-uasin-gishu-parents-in-finland-education-saga,,,
K24,Home sounds that mean something is wrong,"Sun, 19 Jul 2026 17:14:19 +0000",https://k24.digital/lifestyle/home-and-living/home-sounds-that-mean-something-is-wrong,,,
The Star,"SRC approves Sh45,625 monthly allowance for police bodyguardsThere are about 12,000 police officers serving as bodyguards and providing protection to the President, judges, CSs, PSs and other senior public officials",,https://www.the-star.co.ke/counties/nairobi/2026-07-23-src-approves-sh45625-monthly-allowance-for-police-bodyguards,,,
K24,Why Alex Mwakideu wants erectile dysfunction recognised as a disability,"Thu, 23 Jul 2026 08:25:10 +0000",https://k24.digital/entertainment/celebrity/why-alex-mwakideu-wants-erectile-dysfunction-recognised-as-a-disability,,,
The East African,Africa pushes for unlocking untapped critical minerals,"Mon, 20 Jul 2026 16:16:34 GMT",https://www.theeastafrican.co.ke/tea/business-tech/africa-pushes-for-unlocking-untapped-critical-minerals-5532528,,,
Fox News,"EXCLUSIVE: ICE removes former NFL player Daniel Ogama Adongo after visa overstay, criminal record",2026-07-24 22:13:02,https://www.foxnews.com/politics/exclusive-ice-removes-former-nfl-player-daniel-ogama-adongo-after-visa-overstay-criminal-record,,,
The Star,"Young girl standing up to hereditary bone cancerFrida Lakita, 18, got amputated but the cancer recurred, requiring Sh9m treatment",,https://www.the-star.co.ke/sasa/society/2026-07-10-lakita-cancer-battle,,,
The Star,Ingavi sets sights on trophies after joining ShabanaThe pacey striker said his ambition is to help the Glamour Boys challenge for silverware while also hitting double figures in goals during the 2026/27 season.,,https://www.the-star.co.ke/sports/football/2026-07-23-ingavi-sets-sights-on-trophies-after-joining-shabana,,,
The African Exponent,Why do Africans send money home - and how big is the remittance economy?,2026-07-24 22:31:56,https://www.africanexponent.com/why-do-africans-send-money-home-and-how-big-is-the-remittance-economy/,,,
Naijaonpoint.com.ng,"Fake jobs, tourist visas: Inside Russia’s vast network luring foreigners to fight Ukraine war",2026-07-24 22:50:05,https://naijaonpoint.com.ng/fake-jobs-tourist-visas-inside-russias-vast-network-luring-foreigners-to-fight-ukraine-war/,,,
Allafrica Tanzania,Uganda: Here Comes the Mandatory Monthly National Cleaning Days,2026-07-24 20:41:51,https://allafrica.com/stories/202607240671.html,,,
K24,10 customer service mistakes that make people walk away for good,"Thu, 23 Jul 2026 12:44:03 +0000",https://k24.digital/lifestyle/life-hacks/10-customer-service-mistakes-that-make-people-walk-away-for-good,,,
Standard - Kenya News,Four-month closure of Eldoret Road for Nairobi River Bridge works,"Mon, 11 May 2026 10:58:13 +0300",https://www.standardmedia.co.ke/article/2001547536/four-month-closure-of-eldoret-road-for-nairobi-river-bridge-works,,,
The Star,GEN Z CORNER: Pretty privilege in plain sightWhat opens doors for some frustrates those who are overlooked,,https://www.the-star.co.ke/sasa/lifestyle/2026-07-17-gen-z-corner,,,
NewsData.io,Prominent Isiolo businesswoman shot dead in robbery near bus stage,,,,,
Business Daily Africa,Stanbic taps Safaricom’s top strategy executive as CEO,"Thu, 16 Jul 2026 17:45:07 GMT",https://www.businessdailyafrica.com/bd/corporate/companies/stanbic-taps-safaricom-s-top-strategy-executive-as-ceo-5529534,,,
The Standard Headlines,Murkomen: Police no longer rely on Gachagua's 'gossip',"Thu, 23 Jul 2026 16:40:19 +0300",https://www.standardmedia.co.ke/article/2001553582/murkomen-police-no-longer-rely-on-gachagua-s-gossip,,,
K24,I don’t believe in God: Tileh reveals why he left religion to become an atheist,"Thu, 23 Jul 2026 10:27:20 +0000",https://k24.digital/entertainment/celebrity/i-dont-believe-in-god-tileh-reveals-why-he-left-religion-to-become-an-atheist,,,
KBC,Ruto appoints Ol Kalou UDA candidate Muchina to Nairobi Rivers Commission,"Wed, 22 Jul 2026 12:43:26 +0000",https://www.kbc.co.ke/ruto-appoints-ol-kalou-uda-candidate-muchina-to-nairobi-rivers-commission/,,,
World News API,Team Kenya receives donations and other essential items ahead of their trip to Glasgow,,,,,
Citizen Digital (via Google News),Spain beat France 2-0 to reach World Cup final - Citizen Digital,"Tue, 14 Jul 2026 21:58:56 GMT",https://news.google.com/rss/articles/CBMijwFBVV95cUxQWnRXcm9tYW5pMENob0RMcEt3aXhqM0EzQlFVYl9jb01WRDE3WGNxVmlQRlBUenRrUXBZYTNWM055NHMzVEhpVTVaUmZnOTZzQWJfVThCTW15YnBMNjBPMzlQVWNFbjZ0bFU4ckRJOVFGd0xia0V6TUk4TGhhblh0ajJkb2w5V2p0T0xIVHN3WQ?oc=5,,,
NewsData.io,Medical Spa Market Revenue Forecast 2033,,,,,
Ghafla Kenya,Drake’s World Cup Bet Backfires as Argentina’s Final Defeat Costs Him $1.5 Million,,,,,
KBC News,"Wetang’ula rallies Mandera to back Ruto’s re-election bid, cites ID reforms and mega projects",,,,,
Citizen Digital (via Google News),"Not us, Not our children: Kaptagat residents deny cutting forest fence - Citizen Digital","Wed, 22 Jul 2026 19:57:31 GMT",https://news.google.com/rss/articles/CBMirAFBVV95cUxQRlZoZEhHZDJLcmhNdjRqZmxnY2YydlQwRGdkN3o3NzlhMFRINzNsWFZwWlN2d1pjeEhVcEpsS0lXZzZkZS05QzZBOEJOR0NvUFN6ZHJTUThvYXdHWjU4OVFSRDdPdEYwbUNOM2picEF6bVpyN2gxNFFQRlMxTlgxTTR6LW1qN2pnVEZfVnpnX1VuRFNjWWJaM0h1dG85ZGVwZFYtUGlBSmxKcUlW?oc=5,,,
Ghafla Kenya,Kanyari Says He Has Alleged Daughter but Is Yet to Take DNA Test,,,,,
K24,Man United defender Martinez addresses injury fears after World Cup heartbreak,"Wed, 22 Jul 2026 05:18:31 +0000",https://k24.digital/sports/epl/man-united-defender-martinez-addresses-injury-fears-after-world-cup-heartbreak,,,
Standard - Kenya News,Partial closure on Ngong road as KURA finalises Sh3.8 B junction mall viaduct,"Sun, 17 May 2026 11:47:54 +0300",https://www.standardmedia.co.ke/article/2001548033/partial-closure-on-ngong-road-as-kura-finalises-sh3-8-b-junction-mall-viaduct,,,
Standard - Headlines,"Kangema magistrate, probation officer arrested with Sh150,000 bribe","Wed, 22 Jul 2026 10:15:54 +0300",https://www.standardmedia.co.ke/article/2001553434/kangema-magistrate-probation-officer-arrested-with-sh150-000-bribe,,,
K24,How to wash knitted sweaters without ruining them,"Tue, 21 Jul 2026 21:06:08 +0000",https://k24.digital/lifestyle/life-hacks/how-to-wash-knitted-sweaters-without-ruining-them,,,
Ghafla Kenya,Kenya Airways Partners With Yemi Alade to Boost West Africa Expansion,,,,,
Standard - Politics,Ruto forced back to the drawing board after Ol Kalou defeat,"Sun, 19 Jul 2026 10:00:00 +0300",https://www.standardmedia.co.ke/politics/article/2001553156/ruto-forced-back-to-the-drawing-board-after-ol-kalou-defeat,,,
Kenyans.co.ke,High Court Issues Orders Ahead of Aviation Workers Strike,2026-07-24T12:19:03+0300,https://www.kenyans.co.ke/news/125560-high-court-suspends-planned-nationwide-aviation-strike-over-labour-dispute,,,
Capital FM Kenya,Kenya Air Force advances modernization drive through strategic UK defence engagements,"Wed, 22 Jul 2026 16:11:56 +0000",https://capitalfm.africa/kenya-air-force-advances-modernization-drive-through-strategic-uk-defence-engagements/,,,
The Standard,"UK PM Burnham unveils energy tax cut, tells ministers to cut living costs",,https://www.standardmedia.co.ke/world/article/2001553402/uk-pm-burnham-unveils-energy-tax-cut-tells-ministers-to-cut-living-costs,,,
NewsData.io,Ambassador Programme: Shaping a generation through dialogue,,,,,
Citizen Digital (via Google News),Tackling Messi 'huge challenge' for Spain: Merino - Citizen Digital,"Fri, 17 Jul 2026 19:59:22 GMT",https://news.google.com/rss/articles/CBMijwFBVV95cUxPay13WlBNUzBLTlRpXzI0dktwWXNDN1Iwdm96TXhCUmp2S3k0RXp5c0RNblZaV19MTndGYVI4VXE1cTdDaVQxQnRldXhjT1p5TEdNYy0tTzdRWUxRMDBNQUxwUUczVlgtNzA1a0lGNzRXcnRBWTBUWF9acnRCMlFLN2JHYnR2LUZUTmlpTDBOZw?oc=5,,,
NewsData.io,"Dennis Ombachi Raises Eyebrows After Wrangling A Live Ostrich, Cooking It For Viral Burger Video",,,,,
Business Daily Africa,Why ghosting your employer could cost you up to Sh3.2m,"Tue, 21 Jul 2026 14:44:45 GMT",https://www.businessdailyafrica.com/bd/lifestyle/workplace/why-ghosting-your-employer-could-cost-you-up-to-sh3-2m-5533556,,,
KBC,"Wetang’ula, allies enlist boda boda riders in Ruto 2027 campaign machine","Sat, 25 Jul 2026 06:52:21 +0000",https://www.kbc.co.ke/wetangula-allies-enlist-boda-boda-riders-in-ruto-2027-campaign-machine/,,,
NTV Kenya,‘They’re real’ – former US President Obama on...,,https://ntvkenya.co.ke/news/theyre-real-former-us-president-obama-on-aliens/,,,
Ghafla Kenya,"DCI Launches Probe Into Ol Kalou By-Election Violence, Targets Armed & Hooded Goons",,,,,
NewsData.io,Reforming tourism from the superstructure to the substructure,,,,,
KBC News,"Ruto announces full funding for all students placed in universities, colleges",,,,,
Standard - Business,BAT posts Sh3.1 billion half-year net profit,"Fri, 24 Jul 2026 06:00:00 +0300",https://www.standardmedia.co.ke/business/article/2001553595/bat-posts-sh3-1-billion-half-year-net-profit,,,
Citizen Digital (via Google News),What Kenyans searched for during the 2026 FIFA World Cup: Google reveals - Citizen Digital,"Tue, 21 Jul 2026 13:50:16 GMT",https://news.google.com/rss/articles/CBMisAFBVV95cUxQWFBIMUg3NjN4Z2dicE9FaDd2VUJsRlRQZ2NuSFBIU3BscUV2ZjN2MFR3Mlc2eVhDWDl4SjlodkwxNkhzUEhfeXctT0F0Mm5ZWnMtWUdMS0h6aFpWbURjNmw5bTI0VHpXUXpLS3pMalVqb1JYUTNjSzVraWVKdHlMSU1INjRZVVJOVkpVQUFXU0UyeGdJNWVrRHpmNm93MVRmR3YxdWduaXF5cjRXanRVRg?oc=5,,,
Business Daily,Jubilee taps embedded insurance to widen health cover access,"Thu, 23 Jul 2026 13:35:22 GMT",https://www.businessdailyafrica.com/bd/corporate/companies/jubilee-taps-embedded-insurance-to-widen-health-cover-5535390,,,
The East African,Tanzania ahead of peers in trading under AfCFTA,"Fri, 10 Jul 2026 21:26:10 GMT",https://www.theeastafrican.co.ke/tea/business-tech/tanzania-ahead-of-peers-in-trading-under-afcfta-5524096,,,
The East African,Uganda launches emergency food aid for drought-hit Karamoja,"Tue, 21 Jul 2026 03:36:14 GMT",https://www.theeastafrican.co.ke/tea/news/east-africa/uganda-launches-emergency-food-aid-for-drought-hit-karamoja-5532882,,,
The Standard,Prophetic challenge facing the Kenyan church today,,https://www.standardmedia.co.ke/opinion/article/2001553304/prophetic-challenge-facing-the-kenyan-church-today,,,
The Star,Why Nairobi matters in a changing world,,https://www.the-star.co.ke/opinion/columnists/2026-07-23-why-nairobi-matters-in-a-changing-world,,,
Business Today Kenya,World Cup Bets Turn Into Big Wins as Odibets Rewards Players with Smartphones and 55” Hisense TVs,,,,,
Nation,Kenya’s foundational learning reforms bearing fruit,2026-07-24 21:03:00,https://nation.africa/kenya/blogs-opinion/blogs/kenya-s-foundational-learning-reforms-bearing-fruit--5536590,,,
K24,Casemiro completes move to Inter Miami after Manchester United exit,"Wed, 22 Jul 2026 18:08:57 +0000",https://k24.digital/sports/casemiro-completes-move-to-inter-miami-after-manchester-united-exit,,,
NTV Kenya,"Popular Kenyan women converge for a wellness, glam, and sisterhood experience | The Glam","Thu, 09 Jul 2026 09:42:04 +0000",https://ntvkenya.co.ke/arts-lifestyle/popular-kenyan-women-converge-for-a-wellness-glam-and-sisterhood-experience-the-glam/,,,
Athensmessenger,Karen Harvey,2026-07-25 00:00:00,https://www.athensmessenger.com/obituaries/karen-harvey/article_52b72782-25a0-5529-81fe-366c0a7cb2d7.html,,,
Standard - Kenya News,"Detectives arrest 68-year-old woman, seize suspected narcotics in Nairobi","Fri, 08 May 2026 22:38:27 +0300",https://www.standardmedia.co.ke/article/2001547388/detectives-arrest-68-year-old-woman-seize-suspected-narcotics-in-nairobi,,,
Capital FM Kenya,Gachagua claims police will refuse to rig 2027 poll,"Wed, 22 Jul 2026 18:37:45 +0000",https://capitalfm.africa/gachagua-claims-police-will-refuse-to-rig-2027-poll/,,,
The Star,A teenager’s mission to help bridge Kenya’s emergency response gaps,,https://www.the-star.co.ke/sasa/technology/2026-07-09-a-teenagers-mission-to-help-bridge-kenyas-emergency-response-gaps,,,
The Standard,The Commonwealth's greatest prize lies beyond the games,,https://www.standardmedia.co.ke/opinion/article/2001553480/the-commonwealths-greatest-prize-lies-beyond-the-games,,,
World News API,GSU storms into Kenya Cup semi-finals,,https://www.kenyamoja.com/index.php/video/gsu-storms-kenya-cup-semi-finals-citizen-tv-411410,,,
Ani (asian News International),Merck Foundation marks 'World Assisted Reproductive Technology Day 2026' by providing 800+ Scholarships of Fertility and Reproductive care,2026-07-25 00:00:00,https://www.aninews.in/news/business/merck-foundation-marks-world-assisted-reproductive-technology-day-2026-by-providing-800-scholarships-of-fertility-and-reproductive-care20260725130502/,,,
KBC News,"Ruto announces full funding for all students placed in universities, colleges",,,,,
Citizen Digital,How Dahlia Safaris is using golf tourism to market Kenya beyond traditional destinations,,https://citizen.digital/article/how-dahlia-safaris-is-using-golf-tourism-to-market-kenya-beyond-traditional-destinations-n385872,,,
The Standard,Wines agency KWAL banks on menstrual leave to champion wellbeing at work,,https://www.standardmedia.co.ke/health/reproductive-health/article/2001549473/wines-agency-kwal-banks-on-menstrual-leave-to-champion-wellbeing-at-work,,,
NTV Kenya,Nairobi International Financial Centre | Business Redefined,"Tue, 14 Jul 2026 16:35:46 +0000",https://ntvkenya.co.ke/business/nairobi-international-financial-centre-business-redefined/,,,
Kenya News Agency,Government establishes committee to review unconstitutional laws,"Wed, 22 Jul 2026 13:27:26 +0000",https://www.kenyanews.go.ke/government-establishes-committee-to-review-unconstitutional-laws/,,,
Nairobi Wire,Thika Inches Closer to Becoming Kenya’s Newest City,,,,,
Digital Spy,'The perfect comfort-watch': Judi Dench's beloved BBC sitcom is streaming right now,2026-07-24 21:12:00,https://www.digitalspy.com/tv/a73258583/judi-dench-as-time-goes-by-streaming/,,,
The Standard,"Giant of the game: Liverpool and England legend Keegan dies aged 75Former Liverpool and England star Kevin Keegan has died aged 75 after battling cancer, his family announced on Monday.",,https://www.standardmedia.co.ke/sports/football/article/2001553332/giant-of-the-game-liverpool-and-england-legend-keegan-dies-aged-75,,,
World News API,Inside Savinaah's World: From Childhood Dreams to Music Success,,https://www.kenyamoja.com/video/inside-savinaahs-world-childhood-dreams-music-success-ntv-video-411744,,,
NTV Kenya,Samia hits back at foreign critics: “Who are you to lecture Tanzania on...,,https://ntvkenya.co.ke/news/samia-hits-back-at-foreign-critics-who-are-you-to-lecture-tanzania-on-its-affairs/,,,
Capital FM Kenya,"Two Arrested, 220 Litres of Chang’aa Seized in Kibra Crackdown","Mon, 20 Jul 2026 05:55:13 +0000",https://capitalfm.africa/two-arrested-220-litres-of-changaa-seized-in-kibra-crackdown/,,,
NTV Kenya,Bongo icon Professor Jay confirms major stage comeback,,https://ntvkenya.co.ke/news/bongo-icon-professor-jay-confirms-major-stage-comeback/,,,
The Standard,"Kenyan businesses ready to electrify, but grid constraints slow progress",,https://www.standardmedia.co.ke/environment-climate/article/2001552676/kenyan-businesses-ready-to-electrify-but-grid-constraints-slow-progress,,,
Currents API,"Kenya: KMJA Appeals to LSK to Reconsider Court Boycott, Cites Harm to Litigants",,,,,
The Star,"Monaco masterclass fires up Koech's Commonwealth Games medal chargeThe 22-year-old stamped his authority on the field at the Monaco meeting last Friday, producing a composed display to cruise to his first Diamond League victory of the season in 8:03.35.",,https://www.the-star.co.ke/sports/athletics/2026-07-16-monaco-masterclass-fires-up-koechs-commonwealth-games-medal-charge-1,,,
NewsData.io,Why the youth jobs crisis is becoming global,,,,,
Riauone.com | Berita Nusantara Terkini,"QUBIC Goes Global on Alchemy Pay: Now Purchasable in 173 Countries, Including the US",2026-07-24 23:56:00,https://www.riauone.com/global/QUBIC-Goes-Global-on-Alchemy-Pay--Now-Purchasable-in-173-Countries--Including-the-US,,,
The Star,Police seem helpless as war drums soundIG Kanja long on warnings and short of action,,https://www.the-star.co.ke/opinion/leader/2026-07-22-police-seem-helpless-as-war-drums-sound,,,
Citizen Digital (via Google News),Rosenior ready for Paris FC challenge after 'learning lessons' at Chelsea - Citizen Digital,"Thu, 16 Jul 2026 18:49:02 GMT",https://news.google.com/rss/articles/CBMisAFBVV95cUxPTXRjRzJpUTE4aWN5N0tCenVxYU9wVDFHano5NUFfc0E3dGt5WjQ3U0hhaXZhZEFfNDd6OFFIQXE0REIybkNVVnFMeHlwSUIycmlPNm1sNlluaTUzZVhRTm1RaHZDdkxVNjRSTTdDVHNYby1qN0taX1JUQk5GdTM4SkVtdExIdmxxNG8wWXZ5aVBMZ3VScnhZMkVPTVJDd1RvUmgxazd2QUp2VnNWNG9Waw?oc=5,,,
Nairobi Wire,Parking Fees in Nairobi Could Change as County Adopts New Pricing Policy,,,,,