headline,source,link,published,fetch_method
Commonwealth Games: Canada claims first gold medal in gymnastics,Airdrie News,https://www.airdriecityview.com/national-sports/commonwealth-games-canada-claims-first-gold-medal-in-gymnastics-12590973,2026-07-24 21:18:58,API
Which matches and tournaments can football fans watch after the World Cup?,Al Jazeera,https://www.aljazeera.com/sports/2026/7/24/what-do-football-fans-have-in-store-to-beat-post-world-cup-blues,2026-07-24 23:25:15,API
"Uganda: AFCON 2027 - A Golden Opportunity for Ugandans to Serve, Earn and Showcase the Nation",Allafrica Tanzania,https://allafrica.com/stories/202607240682.html,2026-07-24 20:41:56,API
Uganda: Here Comes the Mandatory Monthly National Cleaning Days,Allafrica Tanzania,https://allafrica.com/stories/202607240671.html,2026-07-24 20:41:51,API
Merck Foundation marks 'World Assisted Reproductive Technology Day 2026' by providing 800+ Scholarships of Fertility and Reproductive care,Ani (asian News International),https://www.aninews.in/news/business/merck-foundation-marks-world-assisted-reproductive-technology-day-2026-by-providing-800-scholarships-of-fertility-and-reproductive-care20260725130502/,2026-07-25 00:00:00,API
Karen Harvey,Athensmessenger,https://www.athensmessenger.com/obituaries/karen-harvey/article_52b72782-25a0-5529-81fe-366c0a7cb2d7.html,2026-07-25 00:00:00,API
"AI giants face new minimum pay, mental healthcare rule in Kenya",Business Daily,https://www.businessdailyafrica.com/bd/corporate/technology/ai-giants-face-new-minimum-pay-mental-healthcare-rule-in-kenya-5536272,"Fri, 24 Jul 2026 11:17:05 GMT",RSS
Bank customers left empty-handed after 22-year fight for refunds,Business Daily,https://www.businessdailyafrica.com/bd/corporate/companies/bank-customers-left-empty-handed-22-year-fight-for-refunds-5533228,"Tue, 21 Jul 2026 11:04:04 GMT",RSS
"Co-founder of first budget airline Fly540 takes a bow, years after failed grand dream",Business Daily,https://www.businessdailyafrica.com/bd/corporate/shipping-logistics/co-founder-of-first-budget-airline-fly540-takes-a-bow-5535498,"Thu, 23 Jul 2026 14:13:35 GMT",RSS
Dealmaker Kenne owner of Nabo Capital acquirer,Business Daily,https://www.businessdailyafrica.com/bd/corporate/companies/dealmaker-kenne-owner-of-nabo-capital-acquirer-5532664,"Mon, 20 Jul 2026 17:48:11 GMT",RSS
Funders push for social impact beyond profits,Business Daily,https://www.businessdailyafrica.com/bd/markets/funders-push-for-social-impact-beyond-profits-5535668,"Thu, 23 Jul 2026 15:46:07 GMT",RSS
Idle GDC drilling machines put Sh15bn investment into question,Business Daily,https://www.businessdailyafrica.com/bd/corporate/industry/idle-gdc-drilling-machines-put-sh15bn-investment-into-question-5535316,"Thu, 23 Jul 2026 12:58:10 GMT",RSS
Inside Kenya's high-stakes bid to become Africa's AI investment epicentre,Business Daily,https://www.businessdailyafrica.com/bd/corporate/boss-talk/inside-kenya-s-bid-to-become-africa-s-ai-investment-epicentre-5535584,"Thu, 23 Jul 2026 14:56:09 GMT",RSS
Investor loses final bid against Dyer & Blair over Sh100m deal,Business Daily,https://www.businessdailyafrica.com/bd/markets/capital-markets/investor-loses-final-bid-against-dyer-blair-over-sh100m-deal-5534256,"Wed, 22 Jul 2026 12:00:54 GMT",RSS
Jubilee taps embedded insurance to widen health cover access,Business Daily,https://www.businessdailyafrica.com/bd/corporate/companies/jubilee-taps-embedded-insurance-to-widen-health-cover-5535390,"Thu, 23 Jul 2026 13:35:22 GMT",RSS
KBL returns to court over alleged corruption in Sh3.4bn arbitration,Business Daily,https://www.businessdailyafrica.com/bd/corporate/companies/kbl-returns-to-court-over-alleged-corruption-in-arbitration-5535396,"Thu, 23 Jul 2026 13:38:53 GMT",RSS
KPA suffers setback in tussle over lucrative forklifts tender,Business Daily,https://www.businessdailyafrica.com/bd/corporate/companies/kpa-suffers-setback-in-tussle-over-lucrative-forklifts-tender-5535094,"Thu, 23 Jul 2026 10:05:38 GMT",RSS
Kenyans unable to afford a healthy diet rise by 9m,Business Daily,https://www.businessdailyafrica.com/bd/economy/kenyans-unable-to-afford-a-healthy-diet-rise-by-9m-5534718,"Wed, 22 Jul 2026 17:10:54 GMT",RSS
Markets boom triggers talent war among stockbrokers,Business Daily,https://www.businessdailyafrica.com/bd/corporate/companies/markets-boom-triggers-talent-war-among-stockbrokers-5535328,"Thu, 23 Jul 2026 13:05:11 GMT",RSS
Pesalink money transfer fee cuts spread to 19 banks in retail battle,Business Daily,https://www.businessdailyafrica.com/bd/corporate/companies/pesalink-money-transfer-fee-cuts-spread-to-19-banks-5533510,"Tue, 21 Jul 2026 14:20:38 GMT",RSS
Portuguese firm battling auctioneers selected for mega Embu dam project,Business Daily,https://www.businessdailyafrica.com/bd/economy/portuguese-firm-selected-for-mega-embu-dam-project-5534414,"Wed, 22 Jul 2026 13:37:41 GMT",RSS
SBM Bank net profit jumps 88pc on lower deposit costs,Business Daily,https://www.businessdailyafrica.com/bd/corporate/companies/sbm-bank-net-profit-jumps-88pc-on-lower-deposit-costs-5534530,"Wed, 22 Jul 2026 14:28:48 GMT",RSS
Stanchart Pension blocks review of new claims by ex-staff,Business Daily,https://www.businessdailyafrica.com/bd/corporate/companies/stanchart-pension-blocks-review-of-new-claims-by-ex-staff-5534708,"Wed, 22 Jul 2026 15:48:37 GMT",RSS
The AI tool helping flower farms cut pesticide use,Business Daily,https://www.businessdailyafrica.com/bd/corporate/enterprise/the-ai-tool-helping-flower-farms-cut-pesticide-use-5534608,"Wed, 22 Jul 2026 15:08:06 GMT",RSS
Toned back for women: The newest obsession and how to get it,Business Daily,https://www.businessdailyafrica.com/bd/lifestyle/health-fitness/toned-back-for-women-the-newest-obsession-5536800,"Fri, 24 Jul 2026 19:16:06 GMT",RSS
Why Diani and Watamu are luring land buyers,Business Daily,https://www.businessdailyafrica.com/bd/markets/real-estate/why-diani-and-watamu-are-luring-land-buyers-5533596,"Tue, 21 Jul 2026 15:04:17 GMT",RSS
12 Startups Get Sh13 Million to Scale Inclusive Education,Capital FM,https://capitalfm.africa/12-startups-get-sh13-million-to-scale-inclusive-education/,"Sat, 25 Jul 2026 07:22:29 +0000",RSS
"13 East African researchers complete BioInnovate Bootcamp, eye seed funding for innovative ventures",Capital FM,https://capitalfm.africa/13-east-african-researchers-complete-bioinnovate-bootcamp-eye-seed-funding-for-innovative-ventures/,"Sat, 25 Jul 2026 10:11:06 +0000",RSS
Artcaffé Eyes New Markets on Demand for Curated Dining,Capital FM,https://capitalfm.africa/artcaffe-eyes-new-markets-on-demand-for-curated-dining/,"Sat, 25 Jul 2026 07:43:14 +0000",RSS
Court declines urgent bid to halt NTSA’s rollout of digital logbooks,Capital FM,https://capitalfm.africa/court-declines-urgent-bid-to-halt-ntsas-rollout-of-digital-logbooks/,"Sat, 25 Jul 2026 08:34:13 +0000",RSS
Food Science expert urges Africa to dismantle innovation regulatory barriers to unlock bioeconomy potential,Capital FM,https://capitalfm.africa/food-science-expert-urges-africa-to-dismantle-innovation-regulatory-barriers-to-unlock-bioeconomy-potential/,"Sat, 25 Jul 2026 08:25:08 +0000",RSS
KPA wins eight top awards as Kisumu Port cements regional trade hub status,Capital FM,https://capitalfm.africa/kpa-wins-eight-top-awards-as-kisumu-port-cements-regional-trade-hub-status/,"Sat, 25 Jul 2026 08:55:49 +0000",RSS
"Kirinyaga, Wajir, Nyeri, Kiambu and Mombasa top Politrack governors’ performance index",Capital FM,https://capitalfm.africa/kirinyaga-wajir-nyeri-kiambu-and-mombasa-top-politrack-governors-performance-index/,"Sat, 25 Jul 2026 08:10:48 +0000",RSS
"Mombasa Airport Handles 17,000 Passengers in 10 Days",Capital FM,https://capitalfm.africa/mombasa-airport-handles-17000-passengers-in-10-days/,"Sat, 25 Jul 2026 07:55:29 +0000",RSS
"Ruto defends SHA, says it is ‘ten times better’ than NHIF",Capital FM,https://capitalfm.africa/ruto-defends-sha-says-it-is-ten-times-better-than-nhif/,"Sat, 25 Jul 2026 09:51:32 +0000",RSS
"TSC to advertise 34,000 teacher promotions as govt moves to confirm 20,000 JSS tutors",Capital FM,https://capitalfm.africa/tsc-to-advertise-34000-teacher-promotions-as-govt-moves-to-confirm-20000-jss-tutors/,"Sat, 25 Jul 2026 07:26:46 +0000",RSS
Hamilton tops times ahead of Leclerc in Ferrari 1-2 in Hungary,Citizen Digital,https://citizen.digital/article/hamilton-tops-times-ahead-of-leclerc-in-ferrari-1-2-in-hungary-n387079,2026-07-24 20:52:00,API
ICC member states decide fate of embattled prosecutor Karim Khan,Citizen Digital,https://citizen.digital/article/icc-member-states-decide-fate-of-embattled-prosecutor-karim-khan-n387071,2026-07-24 22:11:00,API
India's Gen Z protesters adapt to internet shutdown,Citizen Digital,https://citizen.digital/article/indias-gen-z-protesters-adapt-to-internet-shutdown-n387069,2026-07-24 23:51:00,API
Mama Ibado Charity opens elderly care centre to support vulnerable seniors in Isiolo,Citizen Digital,https://citizen.digital/article/mama-ibado-charity-opens-elderly-care-centre-to-support-vulnerable-seniors-in-isiolo-n387101,2026-07-24 22:19:00,API
"Nigeria's Tinubu approves army expansion to 12 divisions with 28,000 new recruits",Citizen Digital,https://citizen.digital/article/nigerias-tinubu-approves-army-expansion-to-12-divisions-with-28000-new-recruits-n387073,2026-07-24 20:18:00,API
US nuclear deal with Saudi Arabia sparks proliferation concerns,Citizen Digital,https://citizen.digital/article/us-nuclear-deal-with-saudi-arabia-sparks-proliferation-concerns-n387072,2026-07-24 21:15:00,API
Commonwealth Games: Canada begins defence of women's wheelchair basketball crown,Cp24,https://www.cp24.com/news/sports/2026/07/24/commonwealth-games-canada-begins-defence-of-womens-wheelchair-basketball-crown/,2026-07-24 20:16:28,API
'The perfect comfort-watch': Judi Dench's beloved BBC sitcom is streaming right now,Digital Spy,https://www.digitalspy.com/tv/a73258583/judi-dench-as-time-goes-by-streaming/,2026-07-24 21:12:00,API
Cloud cover and 69 degrees expected for Bix 7 start time Saturday,Dispatch Argus,https://qconline.com/news/local/weather/article_f6b37b56-42d5-5c42-b1a8-b94cabbe1bd4.html,2026-07-24 22:30:00,API
Kamran Pitafi Appointed as Judge for 2026 Global Recognition Awards,Financialcontent,https://www.financialcontent.com/article/marketersmedia-2026-7-24-kamran-pitafi-appointed-as-judge-for-2026-global-recognition-awards,2026-07-24 22:35:22,API
Safari Soles Tours Announces Custom Kenya Safari Itineraries,Financialcontent,https://www.financialcontent.com/article/acnnewswire-2026-7-24-safari-soles-tours-announces-custom-kenya-safari-itineraries,2026-07-24 21:59:00,API
iFortify: The Sub-Saharan African Cybersecurity Firm Quietly Defending the Continent’s Financial and Digital Infrastructure,Financialcontent,https://www.financialcontent.com/article/getnews-2026-7-24-ifortify-the-sub-saharan-african-cybersecurity-firm-quietly-defending-the-continents-financial-and-digital-infrastructure,2026-07-24 21:40:01,API
"EXCLUSIVE: ICE removes former NFL player Daniel Ogama Adongo after visa overstay, criminal record",Fox News,https://www.foxnews.com/politics/exclusive-ice-removes-former-nfl-player-daniel-ogama-adongo-after-visa-overstay-criminal-record,2026-07-24 22:13:02,API
Co-op Bank hosts Virtual Seminar promoting Smart Farming and Agriculture,Ghafla,https://www.ghafla.co.ke/co-op-bank-hosts-virtual-seminar-promoting-smart-farming-and-agriculture/,2026-07-24 21:20:08,API
"Kenya’s Elite Sharpshooters Dominate IPSC Championship, Showcasing Nation’s Rising Talent in Practical Shooting",Ghanamma,https://www.ghanamma.com/2026/07/24/kenyas-elite-sharpshooters-dominate-ipsc-championship-showcasing-nations-rising-talent-in-practical-shooting/,2026-07-24 21:00:46,API
"Who is Karim Khan, the barrister at the center of the ICC's internal crisis?",Gma News Online,https://www.gmanetwork.com/news/topstories/world/996081/who-is-karim-khan-the-barrister-at-the-center-of-the-icc-s-internal-crisis/story/,2026-07-24 22:40:39,API
Merck to let generic makers produce low-cost HIV prevention pill,Headtopics,https://us.headtopics.com/news/merck-to-let-generic-makers-produce-low-cost-hiv-85917372,2026-07-24 23:07:35,API
0723_Ayla Garcia_WWBT,Https://www.12onyourside.com,https://www.12onyourside.com/2026/07/24/richmond-mother-hospitalized-kenya-icu-dies/,2026-07-24 20:16:42,API
Jamaica delivers at US pool checkers championship,Jamaica Observer,https://www.jamaicaobserver.com/2026/07/24/jamaica-delivers-us-pool-checkers-championship/,2026-07-24 23:39:12,API
Bernice Saroni recalls tearful 19-hour flight after leaving children behind to start life in America,K24 Tv,https://k24.digital/entertainment/celebrity/bernice-saroni-recalls-tearful-19-hour-flight-after-leaving-children-behind-to-start-life-in-america,2026-07-24 23:11:13,API
Crowds gather in Kisumu to receive TikToker Zack Apela’s body days after his death in US,K24 Tv,https://k24.digital/entertainment/celebrity/crowds-gather-in-kisumu-to-receive-tiktoker-zack-apelas-body-days-after-his-death-in-us,2026-07-24 21:19:44,API
PCEA announces major milestone after receiving five-year tax exemption from KRA,K24 Tv,https://k24.digital/entertainment/events/pcea-announces-major-milestone-after-receiving-five-year-tax-exemption-from-kra,2026-07-24 22:10:38,API
African football triumph: Continent’s biggest achievements at Globe Cup 2026,KBC,https://www.kbc.co.ke/african-football-triumph-continents-biggest-achievements-at-globe-cup-2026/,"Fri, 24 Jul 2026 15:26:22 +0000",RSS
Ahmadiyya Muslims convene in UK for annual global spiritual gathering,KBC,https://www.kbc.co.ke/ahmadiyya-muslims-convene-in-uk-for-annual-global-spiritual-gathering/,"Sat, 25 Jul 2026 04:17:14 +0000",RSS
EAC central banks call for domestic gold purchases to build reserves,KBC,https://www.kbc.co.ke/eac-central-banks-call-for-domestic-gold-purchases-to-build-reserves/,"Fri, 24 Jul 2026 19:06:42 +0000",RSS
Gathuthi Tea Factory secures Ksh 65.2M grant for modernization,KBC,https://www.kbc.co.ke/gathuthi-tea-factory-secures-ksh-65-2m-grant-for-modernization/,"Fri, 24 Jul 2026 18:23:19 +0000",RSS
Govt vows sustained security operation in Kerio Valley until banditry is eradicated,KBC,https://www.kbc.co.ke/govt-vows-sustained-security-operation-in-kerio-valley-until-banditry-is-eradicated/,"Sat, 25 Jul 2026 09:05:32 +0000",RSS
ICC dismisses prosecutor Karim Khan over serious misconduct,KBC,https://www.kbc.co.ke/icc-dismisses-prosecutor-karim-khan-over-serious-misconduct/,"Sat, 25 Jul 2026 07:35:30 +0000",RSS
Iten Court clears Kaptagat Forest fencing as community joins case,KBC,https://www.kbc.co.ke/iten-court-clears-kaptagat-forest-fencing-as-community-joins-case/,"Fri, 24 Jul 2026 15:24:46 +0000",RSS
"Mangroves hold the key to Kenya’s Blue Economy, stakeholders told",KBC,https://www.kbc.co.ke/mangroves-hold-the-key-to-kenyas-blue-economy-stakeholders-told/,"Sat, 25 Jul 2026 09:20:43 +0000",RSS
PSV saccos urged to embrace financial literacy for growth,KBC,https://www.kbc.co.ke/psv-saccos-urged-to-embrace-financial-literacy-for-growth/,"Fri, 24 Jul 2026 14:18:59 +0000",RSS
"Wetang’ula, allies enlist boda boda riders in Ruto 2027 campaign machine",KBC,https://www.kbc.co.ke/wetangula-allies-enlist-boda-boda-riders-in-ruto-2027-campaign-machine/,"Sat, 25 Jul 2026 06:52:21 +0000",RSS
Body found dumped along Nairobi–Naivasha Highway after murder,Kahawa Tungu,https://kahawatungu.com/body-found-dumped-along-nairobi-naivasha-highway-after-murder/,"Sat, 25 Jul 2026 05:18:51 +0000",RSS
Dubai launches Kenya Business Council to boost trade and investment ties,Kahawa Tungu,https://kahawatungu.com/dubai-launches-kenya-business-council-to-boost-trade-and-investment-ties/,"Sat, 25 Jul 2026 08:32:16 +0000",RSS
How to Calculate Public Interest Score,Kahawa Tungu,https://kahawatungu.com/how-to-calculate-public-interest-score/,"Sat, 25 Jul 2026 08:44:30 +0000",RSS
How to Calculate Ratio in Excel,Kahawa Tungu,https://kahawatungu.com/how-to-calculate-ratio-in-excel/,"Sat, 25 Jul 2026 08:47:30 +0000",RSS
How to Calculate Return on Earnings,Kahawa Tungu,https://kahawatungu.com/how-to-calculate-return-on-earnings/,"Sat, 25 Jul 2026 08:50:09 +0000",RSS
How to Calculate Salary Increase Percentage in South Africa,Kahawa Tungu,https://kahawatungu.com/how-to-calculate-salary-increase-percentage-in-south-africa/,"Sat, 25 Jul 2026 08:52:26 +0000",RSS
How to Calculate Selling Price of a Product,Kahawa Tungu,https://kahawatungu.com/how-to-calculate-selling-price-of-a-product/,"Sat, 25 Jul 2026 08:54:37 +0000",RSS
Murkomen Extends Security Disturbed Declaration in Parts of Marsabit,Kahawa Tungu,https://kahawatungu.com/murkomen-extends-security-disturbed-declaration-in-parts-of-marsabit/,"Sat, 25 Jul 2026 08:29:09 +0000",RSS
"Over 17,000 passengers pass through Mombasa airport in 10 days as tourism picks up",Kahawa Tungu,https://kahawatungu.com/over-17000-passengers-pass-through-mombasa-airport-in-10-days-as-tourism-picks-up/,"Sat, 25 Jul 2026 08:20:48 +0000",RSS
Panic as Safarilink plane veers off Wilson Airport runway after tyre burst,Kahawa Tungu,https://kahawatungu.com/safarilink-plane-veers-off-wilson-airport-runway-after-tyre-burst/,"Sat, 25 Jul 2026 05:12:03 +0000",RSS
Ruto Appoints Former Bumula MP Moses Mabonga to Energy Regulator Board,Kahawa Tungu,https://kahawatungu.com/ruto-appoints-former-bumula-mp-moses-mabonga-to-energy-regulator-board/,"Sat, 25 Jul 2026 07:05:36 +0000",RSS
"Ruto, CSs Make Fresh Govt Appointments",Kahawa Tungu,https://kahawatungu.com/ruto-css-make-fresh-govt-appointments-2/,"Sat, 25 Jul 2026 08:27:47 +0000",RSS
"Two including Italian killed, two injured in Rabai road accident in Kilifi",Kahawa Tungu,https://kahawatungu.com/two-including-italian-killed-two-injured-in-rabai-road-accident-in-kilifi/,"Sat, 25 Jul 2026 05:15:51 +0000",RSS
What Is Candice Crawford Net Worth?,Kahawa Tungu,https://kahawatungu.com/what-is-candice-crawford-net-worth/,"Sat, 25 Jul 2026 10:30:03 +0000",RSS
What Is Tony Romo Net Worth?,Kahawa Tungu,https://kahawatungu.com/what-is-tony-romo-net-worth/,"Sat, 25 Jul 2026 10:00:40 +0000",RSS
Commonwealth Games 2026: Brave start for Uganda’s Batte after victory over Nigerian Abdulwahab | Welterweight,Kawowo Sports,https://kawowo.com/2026/07/24/commonwealth-games-2026-brave-start-for-ugandas-batte-after-victory-over-nigerian-abdulwahab-welterweight/,2026-07-24 20:19:40,API
Campus experience sharpens students’ entrepreneurial skills,Kenya News Agency,https://www.kenyanews.go.ke/campus-experience-sharpens-students-entrepreneurial-skills/,"Sat, 25 Jul 2026 07:24:28 +0000",RSS
Mombasa embraces RPL to drive economic growth,Kenya News Agency,https://www.kenyanews.go.ke/mombasa-embraces-rpl-to-drive-economic-growth/,"Sat, 25 Jul 2026 10:10:02 +0000",RSS
Stakeholders push to revitalize Kenya’s Coffee Sector,Kenya News Agency,https://www.kenyanews.go.ke/stakeholders-push-to-revitalize-kenyas-coffee-sector/,"Sat, 25 Jul 2026 07:19:35 +0000",RSS
State to strengthen food safety following pesticide residue report,Kenya News Agency,https://www.kenyanews.go.ke/state-to-strengthen-food-safety-following-pesticide-residue-report/,"Sat, 25 Jul 2026 07:25:05 +0000",RSS
Commonwealth Games: Canada claims first gold medal in gymnastics,Lakeland News,https://www.lakelandtoday.ca/national-sports/commonwealth-games-canada-claims-first-gold-medal-in-gymnastics-12590973,2026-07-24 23:15:15,API
Commonwealth Games: Canada claims first gold medal in gymnastics,Medicine Hat News,https://medicinehatnews.com/sports/national-sports/2026/07/24/commonwealth-games-canada-claims-first-gold-medal-in-gymnastics/,2026-07-24 21:18:58,API
"Commonwealth Games: Jibb, Gill earn Canada’s first medals in Para swimming",Medicine Hat News,https://medicinehatnews.com/sports/national-sports/2026/07/24/commonwealth-games-jibb-gill-earn-canadas-first-medals-in-para-swimming/,2026-07-24 20:34:32,API
"Fake jobs, tourist visas: Inside Russia’s vast network luring foreigners to fight Ukraine war",Naijaonpoint.com.ng,https://naijaonpoint.com.ng/fake-jobs-tourist-visas-inside-russias-vast-network-luring-foreigners-to-fight-ukraine-war/,2026-07-24 22:50:05,API
African football triumph: continent’s biggest achievements at Globe Cup 2026,Nairobi Wire,https://nairobiwire.com/2026/07/african-football-triumph-continents-biggest-achievements-at-globe-cup-2026.html,"Thu, 23 Jul 2026 03:43:05 +0000",RSS
All The Hottest Memes in Nairobi This Friday,Nairobi Wire,https://nairobiwire.com/2026/07/all-the-hottest-memes-in-nairobi-this-friday.html,"Fri, 24 Jul 2026 03:48:56 +0000",RSS
"Archbishop Ole Sapit Challenges Ruto: Stop Warning Goons, Arrest Them",Nairobi Wire,https://nairobiwire.com/2026/07/jackson-ole-sapit-goons-government-accountability.html,"Thu, 23 Jul 2026 03:42:56 +0000",RSS
Borrowers Set for Major Relief Under Kenya’s New Microfinance Bill,Nairobi Wire,https://nairobiwire.com/2026/07/microfinance-bill-2026-kenya-cbk-borrower-protection.html,"Thu, 23 Jul 2026 03:46:19 +0000",RSS
Chaiiwali Robbery: DCI Arrest 3 Suspects in Dramatic Githurai Operation,Nairobi Wire,https://nairobiwire.com/2026/07/dci-arrest-armed-robbery-suspects-githurai-chaiiwali-restaurant.html,"Wed, 22 Jul 2026 03:45:06 +0000",RSS
Court Clears Ruto’s Sh5 Trillion Fund but Orders Strict Treasury Oversight,Nairobi Wire,https://nairobiwire.com/2026/07/high-court-allows-sh5-trillion-national-infrastructure-fund-oversight.html,"Fri, 24 Jul 2026 03:47:40 +0000",RSS
Electric Vehicle Drivers Could Get Special Number Plates With New Benefits,Nairobi Wire,https://nairobiwire.com/2026/07/kenya-electric-vehicle-number-plates-special-benefits.html,"Thu, 23 Jul 2026 03:42:48 +0000",RSS
Five Women Rescued as DCI Busts Suspected Online Sexual Exploitation Ring,Nairobi Wire,https://nairobiwire.com/2026/07/dci-arrests-three-suspected-online-sexual-exploitation-nairobi.html,"Wed, 22 Jul 2026 03:49:05 +0000",RSS
Former Nairobi Governor Anne Kananu Defects From UDA to Sonko’s NEDP,Nairobi Wire,https://nairobiwire.com/2026/07/anne-kananu-joins-nedp-leaves-uda-maara-mp-bid.html,"Fri, 24 Jul 2026 03:40:43 +0000",RSS
Gachagua Reveals Backup Plan if Locked Out of 2027 Presidential Race,Nairobi Wire,https://nairobiwire.com/2026/07/rigathi-gachagua-2027-presidential-election-backup-plan.html,"Fri, 24 Jul 2026 03:45:03 +0000",RSS
Gachagua Urges Mt Kenya Musicians to Write Songs Against Ruto,Nairobi Wire,https://nairobiwire.com/2026/07/rigathi-gachagua-tells-mt-kenya-musicians-write-songs-ruto.html,"Fri, 24 Jul 2026 03:49:28 +0000",RSS
Gachagua Warns of ‘Civil War’ if Murkomen Stays as Interior CS,Nairobi Wire,https://nairobiwire.com/2026/07/rigathi-gachagua-accuses-kipchumba-murkomen-police-militia-claims.html,"Fri, 24 Jul 2026 03:43:30 +0000",RSS
Government Targets Buildings Without Disability Access in Fresh Crackdown,Nairobi Wire,https://nairobiwire.com/2026/07/alfred-mutua-disability-accessibility-building-crackdown.html,"Thu, 23 Jul 2026 03:41:01 +0000",RSS
Hilarious Memes in Nairobi This Wednesday,Nairobi Wire,https://nairobiwire.com/2026/07/hilarious-memes-in-nairobi-this-wednesday-9.html,"Wed, 22 Jul 2026 03:48:09 +0000",RSS
John Mbadi Reveals Timeline for PAYE Tax Relief as Public Participation Begins,Nairobi Wire,https://nairobiwire.com/2026/07/paye-tax-relief-kenya-john-mbadi-public-participation.html,"Thu, 23 Jul 2026 03:50:19 +0000",RSS
Murkomen Orders Police to Deal With Goons ‘Ruthlessly’,Nairobi Wire,https://nairobiwire.com/2026/07/murkomen-orders-police-ruthless-crackdown-goons.html,"Fri, 24 Jul 2026 03:42:38 +0000",RSS
Mutua Orders Nationwide Crackdown on Employers Defying Minimum Wage,Nairobi Wire,https://nairobiwire.com/2026/07/kenya-minimum-wage-inspections-alfred-mutua-employers.html,"Thu, 23 Jul 2026 03:49:22 +0000",RSS
NTSA Arrests 45 Pedestrians for Skipping Nyayo Stadium Footbridge,Nairobi Wire,https://nairobiwire.com/2026/07/ntsa-arrests-45-pedestrians-nyayo-stadium-footbridge-crackdown.html,"Fri, 24 Jul 2026 03:41:07 +0000",RSS
New Protest Bill Could Change How Kenyans Organize Public Demonstrations,Nairobi Wire,https://nairobiwire.com/2026/07/kenya-assembly-picketing-demonstration-bill-2026.html,"Thu, 23 Jul 2026 03:44:22 +0000",RSS
Ruto Advisors Propose Binding Law to Protect Kenya’s “Singapore Dream” Vision,Nairobi Wire,https://nairobiwire.com/2026/07/kenya-singapore-dream-development-law-ruto-vision.html,"Thu, 23 Jul 2026 03:47:04 +0000",RSS
Ruto Appoints Ol Kalou By-Election Loser to Key State Role,Nairobi Wire,https://nairobiwire.com/2026/07/ruto-appoints-muchina-nyaga-nairobi-rivers-commission.html,"Thu, 23 Jul 2026 03:40:32 +0000",RSS
Ruto Credits Uhuru for Two-Year Break That Produced Kenya Kwanza Plan,Nairobi Wire,https://nairobiwire.com/2026/07/ruto-uhuru-leave-of-absence-kenya-kwanza-manifesto.html,"Wed, 22 Jul 2026 03:50:29 +0000",RSS
Ruto Offers State Certification and Sh80 Million Boost to Artisans,Nairobi Wire,https://nairobiwire.com/2026/07/ruto-artisan-certification-sh80-million-equipment-fund.html,"Fri, 24 Jul 2026 03:46:01 +0000",RSS
Ruto Says Government Will Fully Fund Every Student Placed in University or College,Nairobi Wire,https://nairobiwire.com/2026/07/ruto-announces-full-funding-public-university-students.html,"Wed, 22 Jul 2026 03:47:28 +0000",RSS
Sakaja Approves Phase I of Nairobi’s Underground Mass Rapid Transit System,Nairobi Wire,https://nairobiwire.com/2026/07/nairobi-mass-rapid-transit-nmrts-phase-1-approved.html,"Thu, 23 Jul 2026 03:45:11 +0000",RSS
"Sony, Universal, Warner Move to Nairobi Set to Boost Kenyan Artists and Producers",Nairobi Wire,https://nairobiwire.com/2026/07/sony-universal-warner-music-nairobi-ruto-announcement.html,"Wed, 22 Jul 2026 03:44:35 +0000",RSS
Step-by-Step: How to Verify a Recruitment Agency Before Applying for Jobs,Nairobi Wire,https://nairobiwire.com/2026/07/verify-recruitment-agency-nea-neaims-guide.html,"Fri, 24 Jul 2026 03:44:12 +0000",RSS
The Funniest Memes in Nairobi This Thursday,Nairobi Wire,https://nairobiwire.com/2026/07/the-funniest-memes-in-nairobi-this-thursday-16.html,"Thu, 23 Jul 2026 03:48:42 +0000",RSS
‘Give It to Workers’: Sifuna Snubs Atwoli’s Ksh1 Billion Offer,Nairobi Wire,https://nairobiwire.com/2026/07/sifuna-rejects-atwoli-ksh1-billion-offer.html,"Wed, 22 Jul 2026 03:46:12 +0000",RSS
‘Mimi Si Mlevi’: Ruto Hits Back at Critics of His Government,Nairobi Wire,https://nairobiwire.com/2026/07/ruto-defends-development-record-nairobi-artisans-state-house.html,"Fri, 24 Jul 2026 03:50:41 +0000",RSS
All the best to Starlets,Nation,https://nation.africa/kenya/blogs-opinion/editorials/all-the-best-to-starlets-5536762,2026-07-24 21:01:00,API
Kenya’s foundational learning reforms bearing fruit,Nation,https://nation.africa/kenya/blogs-opinion/blogs/kenya-s-foundational-learning-reforms-bearing-fruit--5536590,2026-07-24 21:03:00,API
Resolve dispute over UK military training in Kenya,Nation,https://nation.africa/kenya/blogs-opinion/editorials/resolve-dispute-over-uk-military-training-in-kenya-5536760,2026-07-24 21:02:00,API
Why Rio lesson matters for Kenya,Nation,https://nation.africa/kenya/blogs-opinion/opinion/why-rio-lesson-matters-for-kenya--5536632,2026-07-24 21:04:00,API
Comm Games Day 1: Semi-sweet first medal for Erika Fairweather,Newsroom,https://newsroom.co.nz/2026/07/25/comm-games-day-1-semi-sweet-first-medal-for-erika-fairweather/,2026-07-24 21:20:09,API
Avocados: Asian demand and new trade deals reshaping New Zealand’s exports,Newstalkzb,https://www.newstalkzb.co.nz/news/national/avocados-asian-demand-and-new-trade-deals-reshaping-new-zealand-s-exports/,2026-07-24 20:41:11,API
"Nigeria, Israel Strengthen Research, Technology Collaboration",Nigerian Communicationweek,https://www.nigeriacommunicationsweek.com.ng/nigeria-israel-strengthen-research-technology-collaboration/,2026-07-24 23:03:51,API
Commonwealth Games: Canada claims first gold medal in gymnastics,Ns News,https://www.nsnews.com/national-sports/commonwealth-games-canada-claims-first-gold-medal-in-gymnastics-12590997,2026-07-24 21:18:58,API
"Commonwealth Games: Jibb, Gill earn Canada's first medals in Para swimming",Ns News,https://www.nsnews.com/national-sports/commonwealth-games-jibb-gill-earn-canadas-first-medals-in-para-swimming-12590997,2026-07-24 20:34:32,API
iFortify: The Sub-Saharan African Cybersecurity Firm Quietly Defending the Continent's Financial and Digital Infrastructure,Openpr.com,https://www.openpr.com/news/4586441/ifortify-the-sub-saharan-african-cybersecurity-firm-quietly,2026-07-24 21:42:04,API
"DCI arrests director in claimed Qatar job scam as Kenyan job seeker loses Ksh110,000",People Daily,https://peopledaily.digital/news/dci-arrests-director-in-claimed-qatar-job-scam-as-kenyan-job-seeker-loses-ksh110000,2026-07-24 23:43:39,API
"How Kang’ata’s DCP switch boosts Gachagua’s Mt Kenya grip, rattles Ruto’s 2027 plans",People Daily,https://peopledaily.digital/inside-politics/how-kangatas-dcp-switch-boosts-gachaguas-mt-kenya-grip-rattles-rutos-2027-plans,2026-07-24 22:15:44,API
Inside govt’s 30-year recruitment plan transforming Kenya’s public service workforce by 2055,People Daily,https://peopledaily.digital/news/inside-govts-30-year-recruitment-plan-transforming-kenyas-public-service-workforce-by-2055,2026-07-24 20:18:44,API
KUCCPS explains whether university-placed students can apply for KMTC’s September 2026 intake,People Daily,https://peopledaily.digital/news/kuccps-explains-whether-university-placed-students-can-apply-for-kmtcs-september-2026-intake,2026-07-24 21:31:49,API
Kenya launches elite immigration crime unit to boost border security amid BATUK scrutiny,People Daily,https://peopledaily.digital/news/kenya-launches-elite-immigration-crime-unit-to-boost-border-security-amid-batuk-scrutiny,2026-07-24 23:28:45,API
Poor harvest before El Niño: Kenya faces double food security threat as rains shift to January,People Daily,https://peopledaily.digital/news/poor-harvest-before-el-nino-kenya-faces-double-food-security-threat-as-rains-shift-to-january,2026-07-24 22:52:15,API
Will Kenya fuel prices rise? Red Sea crisis sparks government warning,People Daily,https://peopledaily.digital/business/will-kenya-fuel-prices-rise-red-sea-crisis-sparks-government-warning,2026-07-24 20:52:24,API
Commonwealth Games viewing guide: Canadians to watch this weekend,Players,https://players.bio/news/commonwealth-games-viewing-guide-canadians-2/892799,2026-07-24 23:21:08,API
"Commonwealth Games: Jibb, Gill earn Canada's first medals in Para swimming",Prince George Citizen,https://www.princegeorgecitizen.com/national-sports/commonwealth-games-jibb-gill-earn-canadas-first-medals-in-para-swimming-12590997,2026-07-24 20:34:32,API
"QUBIC Goes Global on Alchemy Pay: Now Purchasable in 173 Countries, Including the US",Riauone.com | Berita Nusantara Terkini,https://www.riauone.com/global/QUBIC-Goes-Global-on-Alchemy-Pay--Now-Purchasable-in-173-Countries--Including-the-US,2026-07-24 23:56:00,API
Commonwealth Games: Canada claims first gold medal in gymnastics,Richmond News,https://www.richmond-news.com/national-sports/commonwealth-games-canada-claims-first-gold-medal-in-gymnastics-12590997,2026-07-24 21:18:58,API
"Commonwealth Games: Jibb, Gill earn Canada's first medals in Para swimming",Richmond News,https://www.richmond-news.com/national-sports/commonwealth-games-jibb-gill-earn-canadas-first-medals-in-para-swimming-12590997,2026-07-24 20:34:32,API
Commonwealth Games: Canada claims first gold medal in gymnastics,Rocky Mountain Outlook,https://www.rmoutlook.com/national-sports/commonwealth-games-canada-claims-first-gold-medal-in-gymnastics-12590973,2026-07-24 21:18:58,API
"Commonwealth Games: Jibb, Gill earn Canada's first medals in Para swimming",Rocky Mountain Outlook,https://www.rmoutlook.com/national-sports/commonwealth-games-jibb-gill-earn-canadas-first-medals-in-para-swimming-12590973,2026-07-24 20:34:32,API
How China Benefits from Zimbabwe's Lithium Laws,Shotoe Nigeria,https://ng.shotoe.com/lithium-st_466306/news/how-china-benefits-from-zimbabwes-lithium-laws-sn_4386726/,2026-07-25 00:00:00,API
Canada claims first gold medal at Commonwealth Games in gymnastics,Sportsnet,https://www.sportsnet.ca/more/article/canada-claims-first-gold-medal-at-commonwealth-games-in-gymnastics/,2026-07-24 23:22:10,API
Commonwealth Games: Canada claims first gold medal in gymnastics,Squamish Chief,https://www.squamishchief.com/national-sports/commonwealth-games-canada-claims-first-gold-medal-in-gymnastics-12590997,2026-07-24 21:18:58,API
"Commonwealth Games: Jibb, Gill earn Canada's first medals in Para swimming",Squamish Chief,https://www.squamishchief.com/national-sports/commonwealth-games-jibb-gill-earn-canadas-first-medals-in-para-swimming-12590997,2026-07-24 20:34:32,API
"Commonwealth Games: Jibb, Gill earn Canada's first medals in Para swimming",St. Albert News,https://www.stalbertgazette.com/national-sports/commonwealth-games-jibb-gill-earn-canadas-first-medals-in-para-swimming-12590973,2026-07-24 20:34:32,API
Why do Africans send money home - and how big is the remittance economy?,The African Exponent,https://www.africanexponent.com/why-do-africans-send-money-home-and-how-big-is-the-remittance-economy/,2026-07-24 22:31:56,API
Commonwealth Games: Canada claims first gold medal in gymnastics,The Chronicle-journal,https://www.chroniclejournal.com/sports/national_sports/commonwealth-games-canada-claims-first-gold-medal-in-gymnastics/article_e53916af-c585-5ae2-aa0a-75053a7445ab.html,2026-07-24 21:18:58,API
"Commonwealth Games: Jibb, Gill earn Canada's first medals in Para swimming",The Chronicle-journal,https://www.chroniclejournal.com/sports/national_sports/commonwealth-games-jibb-gill-earn-canadas-first-medals-in-para-swimming/article_e53916af-c585-5ae2-aa0a-75053a7445ab.html,2026-07-24 20:34:32,API
"175 World Cup Visitors Filed Asylum Claims in Canada, Says IRCC",The Epoch Times,https://www.theepochtimes.com/world/175-world-cup-visitors-filed-asylum-claims-in-canada-says-ircc-6066386,2026-07-24 21:48:06,API
Commonwealth Games: Canada claims first gold medal in gymnastics,The Lethbridge Herald,https://lethbridgeherald.com/sports/national-sports/2026/07/24/commonwealth-games-canada-claims-first-gold-medal-in-gymnastics/,2026-07-24 21:18:58,API
"Commonwealth Games: Jibb, Gill earn Canada’s first medals in Para swimming",The Lethbridge Herald,https://lethbridgeherald.com/sports/national-sports/2026/07/24/commonwealth-games-jibb-gill-earn-canadas-first-medals-in-para-swimming/,2026-07-24 20:34:32,API
Duale’s sharp tongue lands him in NCIC’s crosshairs,The Mt Kenya Times,https://mountkenyatimes.co.ke/duales-sharp-tongue-lands-him-in-ncics-crosshairs/,2026-07-24 21:30:56,API
Kang’ata joins Gachagua’s DCP ahead of 2027 polls,The Mt Kenya Times,https://mountkenyatimes.co.ke/kangata-joins-gachaguas-dcp-ahead-of-2027-polls/,2026-07-24 21:01:39,API
The analogy of plight and plunder: The case of a haemorrhaging nation,The Mt Kenya Times,https://mountkenyatimes.co.ke/the-analogy-of-plight-and-plunder-the-case-of-a-haemorrhaging-nation/,2026-07-24 22:34:05,API
'Reggae na Lami': Western Kenya's dangerous and bizarre culture,The Standard,https://www.standardmedia.co.ke/article/2001551684/reggae-na-lami-western-kenya-s-dangerous-and-bizarre-culture,"Wed, 01 Jul 2026 09:10:00 +0300",RSS
48 women rescued from sexual exploitation in Kajiado County,The Standard,https://www.standardmedia.co.ke/article/2001553687/48-women-rescued-from-sexual-exploitation-in-kajiado-county,"Fri, 24 Jul 2026 19:07:40 +0300",RSS
AG now defends registrar's mistake on hospital land,The Standard,https://www.standardmedia.co.ke/article/2001551813/ag-now-defends-registrar-s-mistake-on-hospital-land,"Thu, 02 Jul 2026 00:00:00 +0300",RSS
British High Commissioner visits Laikipia County,The Standard,https://www.standardmedia.co.ke/article/2001552823/british-high-commissioner-visits-laikipia-county,"Tue, 14 Jul 2026 21:51:39 +0300",RSS
Concern over management of Nairobi Food Certification Unit,The Standard,https://www.standardmedia.co.ke/article/2001548110/concern-over-management-of-nairobi-food-certification-unit,"Mon, 18 May 2026 14:41:24 +0300",RSS
Counties face solid waste nightmare,The Standard,https://www.standardmedia.co.ke/article/2001549350/counties-face-solid-waste-nightmare,"Tue, 02 Jun 2026 17:31:39 +0300",RSS
Counties to receive Sh428 billion boost after MPs approve Revenue Bill,The Standard,https://www.standardmedia.co.ke/article/2001551319/counties-to-receive-sh428-billion-boost-after-mps-approve-revenue-bill,"Thu, 25 Jun 2026 22:56:12 +0300",RSS
Court suspends operations of panel selected to recruit Baringo County Public Service Board,The Standard,https://www.standardmedia.co.ke/article/2001552461/court-suspends-operations-of-panel-selected-to-recruit-baringo-county-public-service-board,"Fri, 10 Jul 2026 11:29:36 +0300",RSS
DCI identifies six students linked to Utumishi Girls dorm fire,The Standard,https://www.standardmedia.co.ke/article/2001549135/dci-identifies-six-students-linked-to-utumishi-girls-dorm-fire,"Sun, 31 May 2026 11:34:59 +0300",RSS
DCI told to investigate irregularities in recruiting assistant chiefs in Homa Bay,The Standard,https://www.standardmedia.co.ke/article/2001552474/dci-told-to-investigate-irregularities-in-recruiting-assistant-chiefs-in-homa-bay,"Fri, 10 Jul 2026 13:49:14 +0300",RSS
EACC warns counties over conflict of interest,The Standard,https://www.standardmedia.co.ke/article/2001548433/eacc-warns-counties-over-conflict-of-interest,"Thu, 21 May 2026 23:25:00 +0300",RSS
Face off as rival politicians scramble for a piece of Mulembe nation,The Standard,https://www.standardmedia.co.ke/politics/article/2001553692/face-off-as-rival-politicians-scramble-for-a-piece-of-mulembe-nation,2026-07-24 21:00:00,API
"Father, son among three dead inside septic tank at Makindu Boys High School",The Standard,https://www.standardmedia.co.ke/article/2001549000/father-son-among-three-dead-inside-septic-tank-at-makindu-boys-high-school,"Thu, 28 May 2026 23:03:04 +0300",RSS
"Giant python terrorises Kapseret village, residents want it relocated",The Standard,https://www.standardmedia.co.ke/article/2001551676/giant-python-terrorises-kapseret-village-residents-want-it-relocated,"Tue, 30 Jun 2026 18:38:00 +0300",RSS
Kaptagat residents back forest fencing ahead of launch of second conservation phase,The Standard,https://www.standardmedia.co.ke/article/2001552516/kaptagat-residents-back-forest-fencing-ahead-of-launch-of-second-conservation-phase,"Fri, 10 Jul 2026 09:36:00 +0300",RSS
"Kilifi sets aside Sh10 million to register widows, orphans to SHA",The Standard,https://www.standardmedia.co.ke/article/2001551839/kilifi-sets-aside-sh10-million-to-register-widows-orphans-to-sha,"Thu, 02 Jul 2026 11:30:00 +0300",RSS
Methu warns against hooded police as Ol Kalou's polls continue,The Standard,https://www.standardmedia.co.ke/article/2001552939/methu-warns-against-hooded-police-as-ol-kalou-s-polls-continue,"Thu, 16 Jul 2026 11:36:02 +0300",RSS
Nairobi county retirees demand answers over delayed pension benefits,The Standard,https://www.standardmedia.co.ke/article/2001553492/nairobi-county-retirees-demand-answers-over-delayed-pension-benefits,"Wed, 22 Jul 2026 17:42:49 +0300",RSS
Ol Kalou by-election: DCP's Sammy Kamau says victory guaranteed,The Standard,https://www.standardmedia.co.ke/article/2001552937/ol-kalou-by-election-dcp-s-sammy-kamau-says-victory-guaranteed,"Thu, 16 Jul 2026 11:26:13 +0300",RSS
PCEA Mai a Ihii Booth High School closed indefinitely after principal's arrest,The Standard,https://www.standardmedia.co.ke/article/2001552755/pcea-mai-a-ihii-booth-high-school-closed-indefinitely-after-principal-s-arrest,"Tue, 14 Jul 2026 12:30:37 +0300",RSS
Police face hard time while booking body at Tigoni mortuary,The Standard,https://www.standardmedia.co.ke/article/2001553677/police-face-hard-time-while-booking-body-at-tigoni-mortuary,"Sat, 25 Jul 2026 07:15:00 +0300",RSS
Police probe lawyer's death in Athi River,The Standard,https://www.standardmedia.co.ke/article/2001552138/police-probe-lawyer-s-death-in-athi-river,"Mon, 06 Jul 2026 14:30:18 +0300",RSS
"Ruai, Kariobangi upgrade expand Nairobi sewer treatment plant",The Standard,https://www.standardmedia.co.ke/article/2001553017/ruai-kariobangi-upgrade-expand-nairobi-sewer-treatment-plant,"Thu, 16 Jul 2026 21:17:23 +0300",RSS
"Senators grill Sakaja over pending bills, procurement gaps",The Standard,https://www.standardmedia.co.ke/article/2001550710/senators-grill-sakaja-over-pending-bills-procurement-gaps,"Thu, 18 Jun 2026 23:20:37 +0300",RSS
Senators put Duale on the spot over utterances that may arouse ethnic tensions in the country,The Standard,https://www.standardmedia.co.ke/politics/article/2001553691/senators-put-duale-on-the-spot-over-utterances-that-may-arouse-ethnic-tensions-in-the-country,2026-07-24 21:00:00,API
Sh19.3 Billion appeal for drought crisis,The Standard,https://www.standardmedia.co.ke/article/2001548334/sh19-3-billion-appeal-for-drought-crisis,"Wed, 20 May 2026 20:27:57 +0300",RSS
"Single gunshot ended Nanyuki teen life, autopsy revealed",The Standard,https://www.standardmedia.co.ke/article/2001550614/single-gunshot-ended-nanyuki-teen-life-autopsy-revealed,"Wed, 17 Jun 2026 21:51:09 +0300",RSS
"Six dead, five injured in Nakuru-Eldoret Highway crash",The Standard,https://www.standardmedia.co.ke/article/2001551990/six-dead-five-injured-in-nakuru-eldoret-highway-crash,"Fri, 03 Jul 2026 22:29:14 +0300",RSS
Subaru driver in a dramatic high-speed chase after alleged hit-and-run in Nairobi,The Standard,https://www.standardmedia.co.ke/article/2001552145/subaru-driver-in-a-dramatic-high-speed-chase-after-alleged-hit-and-run-in-nairobi,"Mon, 06 Jul 2026 15:16:10 +0300",RSS
Two killed in Gikomba market fire tragedy,The Standard,https://www.standardmedia.co.ke/article/2001550901/two-killed-in-gikomba-market-fire-tragedy,"Sun, 21 Jun 2026 16:05:00 +0300",RSS
"Violence erupts at disputed Samburet estate as motorcycles burn, youths injured",The Standard,https://www.standardmedia.co.ke/article/2001551959/violence-erupts-at-disputed-samburet-estate-as-motorcycles-burn-youths-injured,"Fri, 03 Jul 2026 17:39:00 +0300",RSS
Western leaders endorse Sifuna threaten to ditch ODM,The Standard,https://www.standardmedia.co.ke/politics/article/2001553694/western-leaders-endorse-sifuna-threaten-to-ditch-odm,2026-07-24 21:00:00,API
"Where miners have searched for gold for years, yet poverty and death continue to haunt them",The Standard,https://www.standardmedia.co.ke/article/2001553674/where-miners-have-searched-for-gold-for-years-yet-poverty-and-death-continue-to-haunt-them,"Sat, 25 Jul 2026 00:00:00 +0300",RSS
355 people arrested as Murkomen hails peaceful anniversary protests,The Standard Headlines,https://www.standardmedia.co.ke/article/2001551303/355-people-arrested-as-murkomen-hails-peaceful-anniversary-protests,"Thu, 25 Jun 2026 19:00:00 +0300",RSS
"As repression soars, East Africans are finding fragile refuge in Nairobi",The Standard Headlines,https://www.standardmedia.co.ke/article/2001553281/as-repression-soars-east-africans-are-finding-fragile-refuge-in-nairobi,"Mon, 20 Jul 2026 14:05:00 +0300",RSS
Charles Owino appointed as Government Spokesperson,The Standard Headlines,https://www.standardmedia.co.ke/article/2001553410/charles-owino-appointed-as-government-spokesperson,"Tue, 21 Jul 2026 19:14:27 +0300",RSS
Court orders Ruto to reshuffle Cabinet within 120 Days,The Standard Headlines,https://www.standardmedia.co.ke/article/2001551714/court-orders-ruto-to-reshuffle-cabinet-within-120-days,"Tue, 30 Jun 2026 20:24:04 +0300",RSS
Duale summoned for contempt sentencing over Ebola quarantine facility,The Standard Headlines,https://www.standardmedia.co.ke/article/2001550991/duale-summoned-for-contempt-sentencing-over-ebola-quarantine-facility,"Mon, 22 Jun 2026 16:36:19 +0300",RSS
Gachagua accuses IEBC of bias ahead of Ol Kalou by-election,The Standard Headlines,https://www.standardmedia.co.ke/article/2001552811/gachagua-accuses-iebc-of-bias-ahead-of-ol-kalou-by-election,"Tue, 14 Jul 2026 19:33:18 +0300",RSS
Gachagua: Why Ruto will not steal the 2027 General Election,The Standard Headlines,https://www.standardmedia.co.ke/article/2001553510/gachagua-why-ruto-will-not-steal-the-2027-general-election,"Wed, 22 Jul 2026 20:24:26 +0300",RSS
High court suspends President Ruto's executive order placing IPOA under Interior Ministry,The Standard Headlines,https://www.standardmedia.co.ke/article/2001552906/high-court-suspends-president-ruto-s-executive-order-placing-ipoa-under-interior-ministry,"Wed, 15 Jul 2026 20:15:39 +0300",RSS
IG Kanja faces jail for contempt over roadblocks during protests,The Standard Headlines,https://www.standardmedia.co.ke/article/2001551391/ig-kanja-faces-jail-for-contempt-over-roadblocks-during-protests,"Fri, 26 Jun 2026 20:14:36 +0300",RSS
Inside Kenya's Ebola defences as seven Americans enter quarantine,The Standard Headlines,https://www.standardmedia.co.ke/article/2001553086/inside-kenya-s-ebola-defences-as-seven-americans-enter-quarantine,"Fri, 17 Jul 2026 16:33:43 +0300",RSS
Inside NTSA's move to take instant traffic fine payments off eCitizen,The Standard Headlines,https://www.standardmedia.co.ke/article/2001551780/inside-ntsa-s-move-to-take-instant-traffic-fine-payments-off-ecitizen,"Wed, 01 Jul 2026 15:35:20 +0300",RSS
Kalonzo condemns police over their conduct during Saba Saba Day,The Standard Headlines,https://www.standardmedia.co.ke/article/2001552263/kalonzo-condemns-police-over-their-conduct-during-saba-saba-day,"Tue, 07 Jul 2026 20:49:00 +0300",RSS
Kalonzo: Sale of Safaricom was a national abduction,The Standard Headlines,https://www.standardmedia.co.ke/article/2001552028/kalonzo-sale-of-safaricom-was-a-national-abduction,"Sat, 04 Jul 2026 18:00:40 +0300",RSS
"Karua condemns convoy attack, blames police lapse",The Standard Headlines,https://www.standardmedia.co.ke/article/2001552520/karua-condemns-convoy-attack-blames-police-lapse,"Fri, 10 Jul 2026 20:58:00 +0300",RSS
"Kenya Kwanza leaders tell Uhuru to stay out of politics, act like a statesman",The Standard Headlines,https://www.standardmedia.co.ke/article/2001552150/kenya-kwanza-leaders-tell-uhuru-to-stay-out-of-politics-act-like-a-statesman,"Mon, 06 Jul 2026 16:04:17 +0300",RSS
"Luo nation will not take part in protests, MPs say",The Standard Headlines,https://www.standardmedia.co.ke/article/2001551221/luo-nation-will-not-take-part-in-protests-mps-say,"Wed, 24 Jun 2026 20:19:00 +0300",RSS
MPs push for urgent resolution of higher education funding crisis,The Standard Headlines,https://www.standardmedia.co.ke/article/2001552991/mps-push-for-urgent-resolution-of-higher-education-funding-crisis,"Thu, 16 Jul 2026 18:27:20 +0300",RSS
Murkomen: Police no longer rely on Gachagua's 'gossip',The Standard Headlines,https://www.standardmedia.co.ke/article/2001553582/murkomen-police-no-longer-rely-on-gachagua-s-gossip,"Thu, 23 Jul 2026 16:40:19 +0300",RSS
Ndindi Nyoro seeks annulment of Safaricom stake sale,The Standard Headlines,https://www.standardmedia.co.ke/article/2001552322/ndindi-nyoro-seeks-annulment-of-safaricom-stake-sale,"Wed, 08 Jul 2026 20:11:00 +0300",RSS
"Oburu declares ODM won't field presidential candidate, endorses Ruto",The Standard Headlines,https://www.standardmedia.co.ke/article/2001552630/oburu-declares-odm-won-t-field-presidential-candidate-endorses-ruto,"Sun, 12 Jul 2026 17:51:07 +0300",RSS
Opposition warns Kenya is sliding into anarchy amid rising political violence,The Standard Headlines,https://www.standardmedia.co.ke/article/2001552082/opposition-warns-kenya-is-sliding-into-anarchy-amid-rising-political-violence,"Sun, 05 Jul 2026 17:12:57 +0300",RSS
Registrar of Political Parties okays Sifuna's removal as ODM secretary general,The Standard Headlines,https://www.standardmedia.co.ke/article/2001552431/registrar-of-political-parties-okays-sifuna-s-removal-as-odm-secretary-general,"Thu, 09 Jul 2026 20:17:21 +0300",RSS
Russia begins process to compensate kin of Kenyans killed in Ukraine war,The Standard Headlines,https://www.standardmedia.co.ke/article/2001551509/russia-begins-process-to-compensate-kin-of-kenyans-killed-in-ukraine-war,"Sun, 28 Jun 2026 15:00:57 +0300",RSS
Scammed and abandoned: Who will save Uasin Gishu parents in Finland education saga?,The Standard Headlines,https://www.standardmedia.co.ke/article/2001553686/scammed-and-abandoned-who-will-save-uasin-gishu-parents-in-finland-education-saga,"Sat, 25 Jul 2026 07:15:00 +0300",RSS
"Six protesters found dumped, tortured after arrest at Gen Z memorial march",The Standard Headlines,https://www.standardmedia.co.ke/article/2001551456/six-protesters-found-dumped-tortured-after-arrest-at-gen-z-memorial-march,"Sat, 27 Jun 2026 18:39:56 +0300",RSS
Three nursing gunshot wounds in rally chaos linked to MP,The Standard Headlines,https://www.standardmedia.co.ke/article/2001550780/three-nursing-gunshot-wounds-in-rally-chaos-linked-to-mp,"Fri, 19 Jun 2026 19:35:00 +0300",RSS
Wetang'ula risks jail over alleged breach of court orders on political campaigns,The Standard Headlines,https://www.standardmedia.co.ke/article/2001552695/wetang-ula-risks-jail-over-alleged-breach-of-court-orders-on-political-campaigns,"Mon, 13 Jul 2026 16:39:03 +0300",RSS
Why Kalonzo's calm resolve and Sifuna's fire are the winning bet,The Standard Headlines,https://www.standardmedia.co.ke/article/2001550893/why-kalonzo-s-calm-resolve-and-sifuna-s-fire-are-the-winning-bet,"Sun, 21 Jun 2026 16:05:00 +0300",RSS
Why Linda Mwananchi leaders cancelled Ol Kalou tour,The Standard Headlines,https://www.standardmedia.co.ke/article/2001552582/why-linda-mwananchi-leaders-cancelled-ol-kalou-tour,"Sat, 11 Jul 2026 20:29:32 +0300",RSS
Why public servants have less than a month to update pension records,The Standard Headlines,https://www.standardmedia.co.ke/article/2001553092/why-public-servants-have-less-than-a-month-to-update-pension-records,"Sat, 18 Jul 2026 18:33:00 +0300",RSS
WAFCON 2026 Delayed At Last Minute: Here Are 7 Reasons Fans Won’t Regret The Wait,Thewill News,https://thewillnews.com/wafcon-2026-delayed-at-last-minute-here-are-7-reasons-fans-wont-regret-the-wait/,2026-07-24 21:04:49,API
Commonwealth Games: Canada claims first gold medal in gymnastics,Times Colonist,https://www.timescolonist.com/national-sports/commonwealth-games-canada-claims-first-gold-medal-in-gymnastics-12590997,2026-07-24 21:18:58,API
Commonwealth Games: Canada claims first gold medal in gymnastics,Town And Country Today,https://www.townandcountrytoday.com/national-sports/commonwealth-games-canada-claims-first-gold-medal-in-gymnastics-12590973,2026-07-24 21:18:58,API
"Commonwealth Games: Jibb, Gill earn Canada's first medals in Para swimming",Town And Country Today,https://www.townandcountrytoday.com/national-sports/commonwealth-games-jibb-gill-earn-canadas-first-medals-in-para-swimming-12590973,2026-07-24 20:34:32,API
"Commonwealth Games: Jibb, Gill earn Canada's first medals in Para swimming",Western Wheel,https://www.westernwheel.ca/national-sports/commonwealth-games-jibb-gill-earn-canadas-first-medals-in-para-swimming-12590973,2026-07-24 20:34:32,API
A section of Kenya Kwanza leaders criticize Linda Mwananchi leader Edwin Sifuna,World News API,https://www.kenyamoja.com/video/section-kenya-kwanza-leaders-criticize-linda-mwananchi-leader-edwin-sifuna-citizen-tv-411772,,API
Afrique : l’Union africaine veut accélérer la construction d’une souveraineté sanitaire durable,World News API,https://africapresse.com/afrique-lunion-africaine-veut-accelerer-la-construction-dune-souverainete-sanitaire-durable,,API
Agroecologists seek involvement in policy decisions,World News API,https://www.standardmedia.co.ke/smart-harvest/article/2001553729/agroecologists-seek-involvement-in-policy-decisions,,API
Alshabaab oo weeraray deegaano ka tirsan Waqooyi Bari Kenya,World News API,https://jowhar.com/alshabaab-oo-weeraray-deegaano-ka-tirsan-waqooyi-bari-kenya,,API
BAT Kenya profit tops KSh3 billion,World News API,https://www.kenyamoja.com/index.php/video/bat-kenya-profit-tops-ksh3-billion-citizen-tv-411407,,API
BREAKING: Court convicts Okoth Obado and two co-defendants in Sharon Otieno murder trial,World News API,https://www.standardmedia.co.ke/ktn/ktn-leo/video/2000228995/breaking-court-convicts-okoth-obado-and-two-co-defendants-in-sharon-otieno-murder-trial,,API
Business News | Merck Foundation Marks 'World Assisted Reproductive Technology Day 2026' by Providing 800+ Scholarships of Fertility and Reproductive Care,World News API,https://www.latestly.com/agency-news/business-news-merck-foundation-marks-world-assisted-reproductive-technology-day-2026-by-providing-800-scholarships-of-fertility-and-reproductive-care-7531469.html,,API
"CBD pavement works disrupt movement, business for Nairobi commuters",World News API,https://www.kenyamoja.com/video/cbd-pavement-works-disrupt-movement-business-nairobi-commuters-ntv-video-411775,,API
"CITIZEN NIPASHE WIKENDI ~ JULY 24, 2026",World News API,https://www.kenyamoja.com/index.php/video/citizen-nipashe-wikendi-july-24-2026-citizen-tv-411245,,API
Civil Society Launches Good Governance Campaign Ahead of 2027 Elections,World News API,https://www.kenyamoja.com/video/civil-society-launches-good-governance-campaign-ahead-2027-elections-ktn-news-411835,,API
Civil servants fight to strip PSC of promotion powers in court case,World News API,https://www.standardmedia.co.ke/national/article/2001553718/civil-servants-fight-to-strip-psc-of-promotion-powers-in-court-case,,API
Court orders lawfirm to pay ex-secretary Sh 5.4 million for constructive dismissal after assault,World News API,https://www.standardmedia.co.ke/crime-and-justice/article/2001553676/court-orders-lawfirm-to-pay-ex-secretary-sh-54-million-for-constructive-dismissal-after-assault,,API
DCP leader Rigathi Gachagua arrives in Embu for 'Meet the People' tour,World News API,https://www.kenyamoja.com/video/dcp-leader-rigathi-gachagua-arrives-embu-meet-people-tour-citizen-tv-411691,,API
Damar Thomas: Britain’s next heavyweight hope is gunning for gold at the Glasgow Commonwealth Games,World News API,https://www.skysports.com/boxing/news/12183/13566772/damar-thomas-britain-s-next-heavyweight-hope-is-gunning-for-gold-at-the-glasgow-commonwealth-games,,API
Developer breaks ground for Sh4.2 billion purpose-built student hotels development in Lukenya,World News API,https://www.standardmedia.co.ke/business/article/2001553713/developer-breaks-ground-for-sh4-2-billion-purpose-built-student-hotels-development-in-lukenya,,API
East or West? Ruto&#039;s headache as rivals thwart push for Mt Kenya split,World News API,https://www.standardmedia.co.ke/politics/article/2001553522/rutos-headache-as-rivals-thwart-push-for-mt-kenya-east-west-split,,API
Ebola at State House? 14 staff quarantined as Ruto&#039;s Congo trip shelved,World News API,https://www.standardmedia.co.ke/health/health-science/article/2001553663/ebola-at-state-house-14-staff-quarantined-as-rutos-congo-trip-shelved,,API
Equity Life reports surge in retirement savings demand,World News API,https://www.kenyamoja.com/index.php/video/equity-life-reports-surge-retirement-savings-demand-citizen-tv-411408,,API
FIFA World Cup's global reach highlights cricket's limited footprint,World News API,https://assamtribune.com/opinion/fifa-world-cups-global-reach-highlights-crickets-limited-footprint-1614728,,API
"FRIDAY NIGHT NEWS ~ JULY 24, 2026",World News API,https://www.kenyamoja.com/video/friday-night-news-july-24-2026-citizen-tv-411405,,API
Face the Facts investigates security failures exposed during Ol Kalou poll,World News API,https://www.kenyamoja.com/index.php/video/face-facts-investigates-security-failures-exposed-during-ol-kalou-poll-ktn-news-411363,,API
"Five Voices, One Stage | FridayNightRave",World News API,https://www.kenyamoja.com/video/five-voices-one-stage-fridaynightrave-ntv-video-411428,,API
Fred Matiang'i Attends SDA Service in Utawala Before Addressing Supporters and Nairobi Residents,World News API,https://www.kenyamoja.com/video/fred-matiangi-attends-sda-service-utawala-addressing-supporters-and-nairobi-residents-ktn,,API
From divide-and-rule to woke: Fear politics faces new voters,World News API,https://www.standardmedia.co.ke/opinion/article/2001553724/from-divide-and-rule-to-woke-fear-politics-faces-new-voters,,API
GSU storms into Kenya Cup semi-finals,World News API,https://www.kenyamoja.com/index.php/video/gsu-storms-kenya-cup-semi-finals-citizen-tv-411410,,API
"Genesis, The Last Chapter - Changing Lanes without Missing a beat",World News API,https://www.kenyamoja.com/video/genesis-last-chapter-changing-lanes-without-missing-beat-ntv-video-411429,,API
Get BusinessDaily Updates Alerts,World News API,https://www.businessdaily.co.zw/index-id-africa-zk-53771.html,,API
Gor Mahia thrash APR FC 5-0 in Kagame Cup opener,World News API,https://www.kenyamoja.com/video/gor-mahia-thrash-apr-fc-5-0-kagame-cup-opener-ntv-video-411806,,API
Harambee Starlets arrive in Morocco for WAFCON,World News API,https://www.kenyamoja.com/index.php/video/harambee-starlets-arrive-morocco-wafcon-citizen-tv-411409,,API
"How poverty, traffickers turned Mat’land into a pipeline for Russia’s war",World News API,https://www.newsday.co.zw/local-news/article/200058696/how-poverty-traffickers-turned-matland-into-a-pipeline-for-russias-war,,API
IATA launches safety workshops under Focus Africa,World News API,https://economist.com.na/108606/human-resources/iata-launches-safety-workshops-under-focus-africa,,API
IG Douglas Kanja in court over Gatoto Primary ownership dispute,World News API,https://www.kenyamoja.com/index.php/video/ig-douglas-kanja-court-over-gatoto-primary-ownership-dispute-ktn-news-411365,,API
Improved veterinary regulation big boon for livestock farmers,World News API,https://www.standardmedia.co.ke/smart-harvest/article/2001553727/improved-veterinary-regulation-big-boon-for-livestock-farmers,,API
Inside Savinaah's World: From Childhood Dreams to Music Success,World News API,https://www.kenyamoja.com/video/inside-savinaahs-world-childhood-dreams-music-success-ntv-video-411744,,API
"Inside the World of Risky Branks: Trap Dancehall, Music & More | Teen Republik",World News API,https://www.kenyamoja.com/video/inside-world-risky-branks-trap-dancehall-music-more-teen-republik-ntv-video-411743,,API
Jhandu Kumar shines in CWG 2026 men’s heavyweight para-powerlifting,World News API,https://assamtribune.com/sports/jhandu-kumar-shines-in-cwg-2026-mens-heavyweight-para-powerlifting-1614740,,API
Junior Silverbacks open title defence with victory,World News API,https://www.newvision.co.ug/category/sports/junior-silverbacks-open-title-defence-with-vi-NV_237651_072026,,API
Justice served: Sharon Otieno&#039;s family welcomes Obado conviction,World News API,https://www.standardmedia.co.ke/crime-and-justice/article/2001553682/justice-served-sharon-otienos-family-welcomes-obado-conviction,,API
KIRDI trains leather sector players to boost global competitiveness,World News API,https://www.kenyamoja.com/index.php/video/kirdi-trains-leather-sector-players-boost-global-competitiveness-ktn-news-411357,,API
KNUT Withdraws 59 Teachers as Insecurity Forces Closure of Four Primary Schools in Isiolo County,World News API,https://www.kenyamoja.com/video/knut-withdraws-59-teachers-insecurity-forces-closure-four-primary-schools-isiolo-county-ktn,,API
KNUT demands answers over disputed Lurambi teacher transfers. (8),World News API,https://www.kenyamoja.com/video/knut-demands-answers-over-disputed-lurambi-teacher-transfers-8-ntv-video-411774,,API
Kaunti 39 kunufaika na mafunzo ya GIS Kuboresha usimamizi wa ardhi,World News API,https://www.kenyamoja.com/video/kaunti-39-kunufaika-na-mafunzo-ya-gis-kuboresha-usimamizi-wa-ardhi-ntv-video-411693,,API
Kenya Pipeline storm into Mozzart Kenya Cup final,World News API,https://www.kenyamoja.com/video/kenya-pipeline-storm-mozzart-kenya-cup-final-ntv-video-411807,,API
Kenya's 3x3 women revive Commonwealth hopes with dramatic Fiji victory,World News API,https://www.kenyamoja.com/video/kenyas-3x3-women-revive-commonwealth-hopes-dramatic-fiji-victory-ntv-video-411805,,API
Kericho Doctors End 3 Week Strike After Deal with County Government Restores Health Services,World News API,https://www.kenyamoja.com/video/kericho-doctors-end-3-week-strike-after-deal-county-government-restores-health-services-ktn,,API
Kindiki unveils plan to cushion farmers from El Niño and food shortages,World News API,https://www.kenyamoja.com/index.php/video/kindiki-unveils-plan-cushion-farmers-el-nino-and-food-shortages-ktn-news-411346,,API
"Kona ile ingine ya mlima haituhusu chochote,'' Public CS Geoffrey Ruku to Gachagua",World News API,https://www.kenyamoja.com/video/kona-ile-ingine-ya-mlima-haituhusu-chochote-public-cs-geoffrey-ruku-gachagua-citizen-tv,,API
"Laikipia Leaders Demand New BATUK Deal with Jobs, Justice for Agnes Wanjiru and Accountability",World News API,https://www.kenyamoja.com/video/laikipia-leaders-demand-new-batuk-deal-jobs-justice-agnes-wanjiru-and-accountability-ktn-news,,API
Linda Mwananchi intensifies 2027 campaign with Western Kenya tour,World News API,https://www.kenyamoja.com/video/linda-mwananchi-intensifies-2027-campaign-western-kenya-tour-ntv-video-411782,,API
Literature&#039;s timeless warning against politics of violence,World News API,https://www.standardmedia.co.ke/opinion/article/2001553722/literatures-timeless-warning-against-politics-of-violence,,API
"MC Gogo , The Hype Machine live on #FridayNightRave",World News API,https://www.kenyamoja.com/video/mc-gogo-hype-machine-live-fridaynightrave-ntv-video-411419,,API
Maafisa 390 kunolewa GIS kubadili usimamizi wa ardhi,World News API,https://www.kenyamoja.com/video/maafisa-390-kunolewa-gis-kubadili-usimamizi-wa-ardhi-ntv-video-411693,,API
Machakos Deputy Governor Dismisses Ruto's Free University Education Promise as Political Propaganda,World News API,https://www.kenyamoja.com/video/machakos-deputy-governor-dismisses-rutos-free-university-education-promise-political,,API
Made in Uganda magnesium injection to fight pre-eclampsia launched,World News API,https://www.newvision.co.ug/category/health/made-in-uganda-magnesium-injection-to-fight-p-NV_237667_072026,,API
Matiang'i takes presidential campaign to Nairobi's Utawala,World News API,https://www.kenyamoja.com/video/matiangi-takes-presidential-campaign-nairobis-utawala-ntv-video-411776,,API
Mau Mau freedom fighters' descendants decry decades of neglect,World News API,https://www.kenyamoja.com/video/mau-mau-freedom-fighters-descendants-decry-decades-neglect-ktn-news-411838,,API
Merck Foundation marks 'World Assisted Reproductive Technology Day 2026' by providing 800+ Scholarships of Fertility and Reproductive care,World News API,https://www.aninews.in/news/business/merck-foundation-marks-world-assisted-reproductive-technology-day-2026-by-providing-800-scholarships-of-fertility-and-reproductive-care20260725130502,,API
Merck Foundation together with African and Asian First Ladies mark ‘World Assisted Reproductive Technology Day’ 2026 through their ‘More Than a Mother’ Campaign,World News API,https://www.socialnews.xyz/2026/07/25/merck-foundation-together-with-african-and-asian-first-ladies-mark-world-assisted-reproductive-technology-day-2026-through-their-more-than-a-mother-campaign,,API
Ministry to tighten food safety after study detects pesticide residues in vegetables,World News API,https://www.standardmedia.co.ke/health/health-science/article/2001553711/ministry-to-tighten-food-safety-after-study-detects-pesticide-residues-in-vegetables,,API
NCCK urges govt to firmly deal with political goons in the country,World News API,https://www.kenyamoja.com/video/ncck-urges-govt-firmly-deal-political-goons-country-citizen-tv-411769,,API
No one should assume public office without a legitimate democratic mandate,World News API,https://www.newsday.co.zw/opinion-analysis/article/200058689/no-one-should-assume-public-office-without-a-legitimate-democratic-mandate,,API
No reports of Jamaicans affected by anti-migrant violence in South Africa – Gov’t,World News API,https://www.winnmediaskn.com/no-reports-of-jamaicans-affected-by-anti-migrant-violence-in-south-africa-govt,,API
"ODM's Omanyo faults Sifuna, questions his political influence",World News API,https://www.kenyamoja.com/video/odms-omanyo-faults-sifuna-questions-his-political-influence-ntv-video-411783,,API
One injured as Siaya nuclear project meeting turns chaotic,World News API,https://www.kenyamoja.com/video/one-injured-siaya-nuclear-project-meeting-turns-chaotic-ntv-video-411777,,API
"Outrage as Journalists, Traders Barred from Controversial Kieni Forest Government Log Auction",World News API,https://www.kenyamoja.com/video/outrage-journalists-traders-barred-controversial-kieni-forest-government-log-auction-ktn-news,,API
"PACNEWS SPORTS, 24 JULY 2026",World News API,https://islandsbusiness.com/pacnews/pacnews-sports-24-july-2026,,API
"Picture Power
  - The Standard",World News API,https://www.standardmedia.co.ke/pictures/1638/from-vigils-to-teargas-and-arrests-a-look-at-gen-zs-second-anniversary,,API
"Piles of cash and a town of solutions in Kenya, Nigeria (Summer School)",World News API,https://www.npr.org/2026/07/24/nx-s1-5894830/summer-school-kenya-nigeria-cash-development-experiment,,API
"Police probe murder of a prison warder in Sotik, Bomet county",World News API,https://www.kenyamoja.com/video/police-probe-murder-prison-warder-sotik-bomet-county-citizen-tv-411766,,API
"Police-linked brutality victims in court, claim opaque compensation process",World News API,https://www.standardmedia.co.ke/crime-and-justice/article/2001553685/police-linked-brutality-victims-in-court-claim-opaque-compensation-process,,API
Postbank unveil new kits ahead of KVF Women's League season,World News API,https://www.kenyamoja.com/video/postbank-unveil-new-kits-ahead-kvf-womens-league-season-ntv-video-411808,,API
Safal awards celebrate photographers championing Africa's natural heritage,World News API,https://www.kenyamoja.com/video/safal-awards-celebrate-photographers-championing-africas-natural-heritage-ntv-video-411804,,API
Siaya Governor James Orengo arrives in Trans Nzoia ahead of the Linda Mwananchi rally,World News API,https://www.kenyamoja.com/video/siaya-governor-james-orengo-arrives-trans-nzoia-ahead-linda-mwananchi-rally-citizen-tv-411692,,API
Sifuna endorsed for presidency as Western leaders threaten to ditch ODM,World News API,https://www.standardmedia.co.ke/politics/article/2001553694/sifuna-endorsed-for-presidency-as-western-leaders-threaten-to-ditch-odm,,API
"Sifuna warns Ruto, Mudavadi and Wetang'ula ahead of Western Kenya tour",World News API,https://www.kenyamoja.com/index.php/video/sifuna-warns-ruto-mudavadi-and-wetangula-ahead-western-kenya-tour-tv-47-411554,,API
Six North Rift counties unite to celebrate lasting Kerio Valley peace,World News API,https://www.kenyamoja.com/video/six-north-rift-counties-unite-celebrate-lasting-kerio-valley-peace-ntv-video-411784,,API
Team Kenya struggles on Commonwealth Games opening day,World News API,https://www.kenyamoja.com/video/team-kenya-struggles-commonwealth-games-opening-day-citizen-tv-411412,,API
The 49th edition of the Kenya Amateur Strokeplay Championship,World News API,https://www.kenyamoja.com/video/49th-edition-kenya-amateur-strokeplay-championship-tv-47-411829,,API
The closing of the Anglophile mind,World News API,https://www.newstatesman.com/ideas/2026/07/the-closing-of-the-anglophile-mind-0,,API
There&#039;s no road to the promised First World in a nation ruled by kleptocrats,World News API,https://www.standardmedia.co.ke/opinion/article/2001553721/theres-no-road-to-the-promised-first-world-in-a-nation-ruled-by-kleptocrats,,API
Time to build an EV conversion ecosystem at scale,World News API,https://www.thedailystar.net/opinion/views/news/time-build-ev-conversion-ecosystem-scale-4231636,,API
Timmy T Dat talks about his legacy | #FridayNightRave,World News API,https://www.kenyamoja.com/video/timmy-t-dat-talks-about-his-legacy-fridaynightrave-ntv-video-411418,,API
Two losses in pre-tournament friendlies in Morocco not exuding any confidence on Scorchers ahead of WAfCON Morocco 2026,World News API,https://www.maraviexpress.com/two-losses-in-pre-tournament-friendlies-in-morocco-not-exuding-any-confidence-on-scorchers-ahead-of-wafcon-morocco-2026,,API
UHC workers demand permanent jobs despite payroll reprieve,World News API,https://www.kenyamoja.com/video/uhc-workers-demand-permanent-jobs-despite-payroll-reprieve-ntv-video-411803,,API
Vimal Shah urges businesses to stay open during election periods,World News API,https://www.kenyamoja.com/video/vimal-shah-urges-businesses-stay-open-during-election-periods-ktn-news-411356,,API
WATCH LIVE: Linda Mwananchi Rally in Trans Nzoia County,World News API,https://www.kenyamoja.com/video/watch-live-linda-mwananchi-rally-trans-nzoia-county-citizen-tv-411725,,API
Wandayi and political awakening in Luo Nyanza,World News API,https://www.standardmedia.co.ke/opinion/article/2001553714/wandayi-and-political-awakening-in-luo-nyanza,,API
Western on standstill as rival politicians scramble for Mulembe cake,World News API,https://www.standardmedia.co.ke/politics/article/2001553692/western-on-standstill-as-rival-politicians-scramble-for-mulembe-cake,,API
Why CS Duale is in the spot over alleged ethnic remarks,World News API,https://www.standardmedia.co.ke/politics/article/2001553691/why-cs-duale-is-in-the-spot-over-alleged-ethnic-remarks,,API
"Why conviction of Sharon killers is a big win against femicide, impunity",World News API,https://www.standardmedia.co.ke/opinion/article/2001553698/why-conviction-of-sharon-killers-is-a-big-win-against-femicide-impunity,,API
Why regular weighing of your poultry is critical,World News API,https://www.standardmedia.co.ke/smart-harvest/article/2001553728/why-regular-weighing-of-your-poultry-is-critical,,API
Why the 13th Parliament should never be forgiven,World News API,https://www.standardmedia.co.ke/opinion/article/2001553699/why-the-13th-parliament-should-never-be-forgiven,,API
Why the Congolese Seben is Africa&#039;s greatest cultural gift,World News API,https://www.standardmedia.co.ke/opinion/article/2001553673/why-the-congolese-seben-is-africas-greatest-cultural-gift,,API
"‘I thought, I’ve tried everything else, why not give AI a shot?’: the long-lost family reunited by ChatGPT",World News API,https://www.theguardian.com/lifeandstyle/ng-interactive/2026/jul/25/long-lost-family-reunited-chatgpt-artificial-intelligence-ai,,API
"“Kama wewe ni mwanaume, si ukamate Riggy G upeleke kwa cell!” Gachagua dares Interior CS Murkomen",World News API,https://www.kenyamoja.com/video/kama-wewe-ni-mwanaume-si-ukamate-riggy-g-upeleke-kwa-cell-gachagua-dares-interior-cs-murkomen,,API
"“Sasa umetuma Duale kututukana ati sisi ni mafisi ,"" Gachagua hits at Ruto over CS Duale remarks",World News API,https://www.kenyamoja.com/video/sasa-umetuma-duale-kututukana-ati-sisi-ni-mafisi-gachagua-hits-ruto-over-cs-duale-remarks,,API
🔴TV47 LIVE,World News API,https://www.kenyamoja.com/video/tv47-live-tv-47-411727,,API
Commonwealth Games: Canada claims first gold medal in gymnastics,Yahoo! News,https://ca.sports.yahoo.com/news/commonwealth-games-canada-begins-defence-200839794.html,2026-07-24 23:15:15,API
