headline,source,category
Kenya Still Runs a Supermarket Economy Despite Decades of Industrialization Promises,World News API,General
Team Kenya continues its preparations for the World Athletics U20 championships,World News API,sports
The Last Word | The lessons of Ol Kalou,World News API,General
Kenya' Legacy Football Academy U14 make Gothia Cup history,World News API,General
Team Kenya receives donations and other essential items ahead of their trip to Glasgow,World News API,General
Excitement and tension in western region over Sifuna tour,World News API,General
"Ruto&#039;s tough talk, zero action on goons",World News API,General
Oomph Gachagua got from Ol Kalou win,World News API,General
Inside how Kenya shipped its daughters into slavery,World News API,politics
Expanding your business through digital trade: What every Kenyan SME should know,World News API,General
Kazakhstan advances railway modernization with track and locomotive renewal,World News API,General
Report urges faster AI adoption to strengthen Africa’s health supply chains,World News API,politics
"Jane Frances Acilo, Founder Managing Director - ABJA Farms Limited || Trading Bell",World News API,General
Meshack Babu Targets Strong Debut Performance at Commonwealth Games in Glasgow,World News API,General
THE EXPLAINER | LEADERS AND SEASONS | MARTHA KARUA,World News API,General
Leaders convene in Nairobi for Africa Tech leadership conference,World News API,politics
"THE EXPLAINER 21ST JULY, 2026",World News API,General
Hospitals remain operational despite health workers&#039; strike,World News API,General
Petition filed for ouster of Kenya Re chief,World News API,politics
Azerbaijan lists banks by their operational expenses,World News API,politics
Nedbank seals Sh116bn NCBA deal,World News API,General
Kenya's Commonwealth Games Debutants Eye Podium Finish as Glasgow Preparations Intensify,World News API,General
Co-op Bank wins two Euromoney awards; Kenya’s Best Retail Bank and Best Digital Bank,World News API,General
Bushiri Queens Reach Kakamega County Finals After Narrow Victory Over Mwira Queens,World News API,General
Kenya Kwanza dismisses Gachagua's Ol Kalou victory claimsScript,World News API,General
"Kenya, Ghana explore health partnership on UHC pharmaceutical manufacturing",World News API,business
Court team inspects Nairobi Animal Orphanage relocation sites,World News API,General
Kindiki and Gachagua Strike Reconciliatory Tone Ahead of High Stakes 2027 Elections,World News API,politics
"US Deepens Commercial Diplomacy With Africa to Boost Trade, Investment and Innovation",World News API,General
Ruto Allies Face Tough Choices as DCP Strengthens Political Hold in Mt Kenya,World News API,politics
Kenya's decades-long cycle of school fires and unrest: Why do they keep happening?,World News API,General
New bill proposes easier process for peaceful demonstrations,World News API,politics
THE EXPLAINER | LEADERS AND SEASONS | QUICKFIRE MARTHA KARUA,World News API,General
Canada flags eight Kenyan counties over security concerns,World News API,General
Health Workers' Strike Begins as Counties Fail to Meet Union Demands,World News API,politics
Petitioners say armed KWS personnel barred court-ordered site visit of Nairobi National park,World News API,politics
AI and Digital Diplomacy Take Centre Stage at Major African Technology Conference,World News API,General
Treasury and Industry Officials Put on the Spot Over Controversial Raw Sugar Imports,World News API,General
Embu Jua Kali Association Faces Fresh Leadership Battle Following Election Dispute,World News API,politics
The Bold Standard : BOYCOTT,World News API,politics
EACC moves to recover KSh4.3 billion Kisumu prison land,World News API,General
IPOA presents footage tracking Albert Ojwang's final hours,World News API,General
Get BusinessDaily Updates Alerts,World News API,General
THE PHILIPPINES-MANILA-CHINESE FM-CANADIAN FM-MEETING,World News API,politics
THE PHILIPPINES-MANILA-CHINESE FM-ASEAN SECRETARY-GENERAL-MEETING,World News API,politics
Capacity Building for Enhanced Parliamentary Performance in Africa: Challenges and Recommendations,World News API,General
Patching Africa’s Scars: Why West Africa Needs an Undergraduate and Postgraduate Discipline in Border Studies and Pan-African Integration,World News API,General
Why the youth jobs crisis is becoming global,NewsData.io,top
Why young people are struggling to find entry-level jobs,NewsData.io,top
Business News | AI-infrastructure Platform InfoBay.AI Crosses Rs 100 Crores in Revenue in FY 2025-26,NewsData.io,top
KNEC Outlines Steps to Download Digital KCSE Certificates,NewsData.io,technology
Ebola quarantine center for Americans is up and working in Kenya despite court ban,NewsData.io,world
IPOB blasts ‘rented traitor’ behind call to assasinate Kanu,NewsData.io,politics
"Oparanya, Wetang'ula battle for western Kenya's political crown ahead of 2027",NewsData.io,politics
"Global payroll and HR solutions for businesses – technology, compliance & support in one place",NewsData.io,technology
Kenya is a robustly democratic country -Ruto,NewsData.io,politics
AfCFTA Services Protocol Opens A New Era For Africa’s Services Sector,NewsData.io,world
"Dennis Ombachi Raises Eyebrows After Wrangling A Live Ostrich, Cooking It For Viral Burger Video",NewsData.io,top
Watch Trailer: First look at Sarah Hassan as Salma in ‘Tides’,NewsData.io,entertainment
Kenya to host Africa’s first Youth Hockey 5s Championship,NewsData.io,top
Insta360 says it wants to replace photographers with an ‘intelligent photography robot’ that will become ‘imperceptible’ — and it sounds like a nightmare for privacy and creativity,NewsData.io,technology
Eindhoven students build world’s first solar-powered ambulance,NewsData.io,technology
Three Suspects Arrested Over Westlands Restaurant Robbery as Police Recover Two Pistols,NewsData.io,crime
WANANCHI OPINION: Banditry: Less talk and more action needed to find a lasting solution,NewsData.io,politics
AI-infrastructure Platform InfoBay.AI Crosses Rs 100 Crores in Revenue in FY 2025-26,NewsData.io,top
Dubai launches council to make trade network properly,NewsData.io,top
MPs Blame Kenya Power-REREC Rift for Delays in Electricity Connections,NewsData.io,top
Kenya’s trade corridors open East Africa’s healthcare market to new business as WHX returns to Nairobi in September,NewsData.io,top
"KFS Announces New Rules for Timber, Wood Product Businesses",NewsData.io,top
Oburu: We are not shaken by Ol-Kalou loss,NewsData.io,politics
"Full list of African countries whose citizens qualify to enter, live in Moldova without visa in 2026",NewsData.io,politics
"Tuesday weather: Rain, thunderstorms and strong winds expected in several parts of Kenya",NewsData.io,top
Jacob Ojee Attains World Rugby Level 2 Coaching Accreditation in 15s,NewsData.io,sports
I don’t need your money: Sifuna fires back at Atwoli over campaign funding remarks,NewsData.io,politics
Pauline Njoroge resigns from Jubilee party: Who is Pauline Njoroge?,NewsData.io,politics
Ruto Announces Full Funding for All University & College Students,NewsData.io,top
CAK investigates Naivas over alleged price mismatch,NewsData.io,business
Working in a Kenyan abattoir inspired founder of Kenyan fashion brand,NewsData.io,lifestyle
Canals of waste: Why multibillion-shilling Coast irrigation schemes fail,NewsData.io,top
Why making films for African audiences remains an uphill task,NewsData.io,entertainment
"Co-operative Bank Named Best Retail, Digital Bank at Euromoney Awards",NewsData.io,lifestyle
Team Kenya athletes get boost ahead of Commonwealth Games as gov't revamps reward scheme,NewsData.io,top
SHE MEANS BUSINESS| Is formal employment overrated? - Dr. Mary Kinyanjui's weighs in,NewsData.io,top
PHOTOS: First look at Sh30m proposed Raila Odinga Mausoleum,NewsData.io,entertainment
Rights group finds abusive conditions for migrants working on UAE renewables,NewsData.io,environment
Owalo warns against using youth to fuel political violence,NewsData.io,politics
"Kenya: Jubilee Criticises Gachagua's Tourism Boycott Call, Warns of Economic Fallout",NewsData.io,business
Kenya: Communication Authority Tightens Rules On Importation for ICT Equipment Distributors,NewsData.io,business
"BasiGo to open EV charging stations in Meru, Nanyuki and Nyeri",NewsData.io,technology
Nuclear Medicine Market Revenue Forecast 2033,NewsData.io,top
"Kazakhstan and Kenya discuss trade, logistics and agricultural cooperation",NewsData.io,business
"Jubilee Criticises Gachagua’s Tourism Boycott Call, Warns of Economic Fallout",NewsData.io,top
"Panama publishes visa policy, names African countries eligible for visa-free travel",NewsData.io,politics
Kenya’s Trade Corridors Expand East Africa’s Healthcare Market as WHX Returns to Nairobi in September,NewsData.io,top
"Pauline Njoroge resigns from Jubilee Party, joins Linda Mwananchi movement",NewsData.io,politics
Team Kenya eyes Commonwealth glory,NewsData.io,sports
Medical Spa Market Revenue Forecast 2033,NewsData.io,top
Street Vendors Bill Explained and What It Could Change for Hawkers in Kenya,NewsData.io,top
New rules for Mobile Phone Importers and Distributors in Kenya: Full details,NewsData.io,technology
PAULINE NJOROGE’s statement on resignation from UHURU’s Jubilee Party,NewsData.io,politics
Three more suspects linked to Chaiiwali café robbery arrested,NewsData.io,crime
Kanjama: Lawyers can strike despite being essential service providers,NewsData.io,politics
Reforming tourism from the superstructure to the substructure,NewsData.io,top
Prominent Isiolo businesswoman shot dead in robbery near bus stage,NewsData.io,crime
Handicrafts Market Innovation Trends,NewsData.io,top
"Russia, Switzerland among countries set for Nanenane",NewsData.io,politics
Museveni: ‘Thieves’ Tried to Double Cost of AFCON Roads,NewsData.io,top
Master Wood Working Ltd Launches Modern Wooden Staircase Design in Birmingham,NewsData.io,lifestyle
SpeedOfMe Ranks UK 14th Fastest in World for Broadband Speeds in H1 2026,NewsData.io,business
Ambassador Programme: Shaping a generation through dialogue,NewsData.io,politics
Supreme Court Backs Treasury's Power To Grant Foreign Investors Tax Exemptions,NewsData.io,top
Vindee opens up on how his brother was stranded in Qatar after job scam,NewsData.io,entertainment
Crop theft costing Sri Lanka’s agricultural sector millions: Industry calls for urgent Government action,NewsData.io,breaking
South Africa wants every SIM to become a digital ID,NewsData.io,technology
Jubilee condemns Gachagua remarks on tourism boycott ahead of 2027 polls,NewsData.io,top
"Haier Biomedical Presents Digital Blood Management Platform at ISBT Congress 2026, Advancing Its Transition from Equipment Provider to Full-Process Solution Partner",NewsData.io,technology
De-identified Health Data Market Sales Analysis and Forecast,NewsData.io,top
Pauline Njoroge resigns from Uhuru’s Jubilee Party,NewsData.io,politics
Kenya Presidency Website Hacked as China-Africa Trade Surges 24%,NewsData.io,crime
"Nairobi Governor Hopeful Pauline Njoroge Quits Jubilee, Signals Move to Linda Mwananchi Outfit",NewsData.io,politics
QatarDebate takes part in World Schools Debating Championship,NewsData.io,education
Centobin Law Office Helps Calgary Families Protect Their Future Through Estate Planning,NewsData.io,top
Infinix Kenya ignites Nairobi with 'The Night of HOT' as it officially launches HOT 70 series - Best value smartphone under Sh20K,NewsData.io,technology
Irungu Kang’ata: Ol Kalou by-election has shaken Kindiki’s influence in Mt Kenya region,NewsData.io,politics
Germany’s Foreign Minister to visit Nigeria,NewsData.io,politics
"PSC, KSG and Nursing Council announce fresh job opportunities for Kenyans",NewsData.io,health
👨🏿‍🚀TechCabal Daily – Lie detector test for SIM cards,NewsData.io,top
Morara Kebaso dismisses claims of rift in Matiang’i’s camp,NewsData.io,politics
"What is Commonwealth Mile, the iconic race returning to CWG after 60 years?",NewsData.io,sports
Witness Tells Court How Father’s Faith Led Him to Quit Prison Job in Shakahola Manslaughter Trial,NewsData.io,politics
Govt Invites Applications for KCAA Board of Directors Positions,NewsData.io,top
Tributes Pour In After Former TUM Student Leader Dies Following Medical Emergency,NewsData.io,politics
"FG, UNESCO, AU unveil mobile learning initiative for teacher development",NewsData.io,education
Disney star Skai Jackson apologises to Kenyans over controversial mirror remarks,NewsData.io,entertainment
Kenyan startup funding slips to Sh16.3bn in first half of 2026,NewsData.io,business
Spain stars lap up adulation of estimated two million on World Cup parade,NewsData.io,top
Who is a citizen in India? The answer will determine who has rights,NewsData.io,politics
World champions Spain supplant Argentina to top FIFA rankings,NewsData.io,top
OPINION: Kipenga Cha Mama na Mtoto: How Kenya Can Turn Football Into a Lifeline for Mothers,NewsData.io,health
"KRA, AFC, Anti-FGM Board, NCK Among Institutions Recruiting",NewsData.io,top
Of Ruto's 'monumental threat' and vote-securing calls: Inside Rift Valley's panic,NewsData.io,politics
Kenya to continue spearheading equitable development with focus on youth - Mudavadi,NewsData.io,education
Africa: Over $1.6m and Counting - How Betpawa's Model Is Improving Athlete Payment in Africa,Currents API,national
"Kenya: Employer-Led Training Delivers Returns, Boosts SME Productivity",Currents API,national
Kenya: Coffee Revival Gathers Pace As 6 Western Counties Chart Sector Recovery,Currents API,national
"Kenya: KMJA Appeals to LSK to Reconsider Court Boycott, Cites Harm to Litigants",Currents API,national
Kenya Startup Funding Slows Sharply as Investors Pivot to Quality Over Quantity,Currents API,regional
"Ruto says Kenya has reached consensus against goonism, orders crackdown on criminality",Currents API,national
"Scrypt Expands Stablecoin Settlement Rails Across Kenya, Tanzania, Rwanda, and Uganda",Currents API,programming
Kenya: Wanyama Urges LSK to Pair Court Boycott With Crackdown On Rogue Lawyers,Currents API,national
Kenya: Disregard Fake Kenyans.Co.Ke Graphic Falsely Attributing Mt Kenya MP Rankings to Infotrak,Currents API,national
"Kenya: Saudi Arabia, UK and Canada Top Visa Applications From Kenya",Currents API,national
Africa: Young People At the Center of the 21st AMECEA Plenary Assembly - 'Do Not Be Robbed of Hope',Currents API,national
Kenya: Treasury Misses Tax Revenue Target By Nearly Sh7bn,Currents API,national
Kenya: Isiolo Businesswoman Shot Dead in Suspected Targeted Attack As Governor Demands Swift Probe,Currents API,national
Kenya: 22 Pedestrians Arraigned in Nairobi Over Illegal Thika Road Crossings,Currents API,national
NOTICE TO DISREGARD -- Critical Metals Corp,Currents API,company
US-backed Ebola quarantine center operating despite Kenya court order,Currents API,general
Kenya: High Court to Rule On Bid to Halt Upper Imenti Forest Developments On July 30,Currents API,national
"7,800 youth gain skills in digital content creation",Currents API,business
Kenya: Constituencies to Share Sh58.7bn Ng-CDF Allocation As Funding Rises By 5.1pc,Currents API,national
"CCTV forensic analysis shows Albert Ojwang entered police station alive, left unresponsive",Capital FM Kenya,Breaking News
Ruto names IPOA chair nominee in raft of State appointments,Capital FM Kenya,Breaking News
Ruto appoints Charles Owino Government Spokesperson in Executive reshuffle,Capital FM Kenya,Breaking News
"Gachagua dismisses Ruto’s anti-goon order as ‘theatrics,’ claims police-goon alliance is fueling violence",Capital FM Kenya,Breaking News
6 Senators don DCP’s signature green as party rides Ol Kalou momentum,Capital FM Kenya,Breaking News
NTSA outlines tougher road safety drive at UN amid rising pedestrian deaths,Capital FM Kenya,Breaking News
"Mother, daughter and son-in-law arrested as DCI busts alleged online sex trafficking ring in Embakasi East",Capital FM Kenya,Breaking News
Kenyan peacekeepers expand security operations in Eastern DRC to strengthen civilian protection,Capital FM Kenya,Breaking News
Wildlife Ranger Challenge kicks off with fresh push to bridge Africa’s conservation workforce gap,Capital FM Kenya,Breaking News
"Kenya has what it takes to become first-world, says Nyong’o",KBC News,Breaking News
"Museveni eulogises late Gen. Moses Ali as freedom fighter, peacemaker",KBC News,Breaking News
"Wetang’ula rallies Mandera to back Ruto’s re-election bid, cites ID reforms and mega projects",KBC News,Breaking News
Kamariny Stadium construction back on track as construction gains momentum,KBC News,Breaking News
Charles Owino appointed Government Spokesperson,KBC News,Breaking News
"Visa applications by Kenyans up 20pc on work, business travel",KBC News,Breaking News
"Ruto announces full funding for all students placed in universities, colleges",KBC News,Breaking News
22 charged over footbridge traffic obstruction,KBC News,Breaking News
More Than Flour: Grain Industries Limited’s growing footprint in Kenya,KBC News,Breaking News
Audit Reveals Boma Yangu Refunds Rose 3.5 Times Since Ruto Took Office,Nairobi Wire,Breaking News
Raila Odinga Mausoleum Takes Shape After Family Hands Over Site,Nairobi Wire,Breaking News
All The Top Memes in Nairobi This Tuesday,Nairobi Wire,Breaking News
Civil Servants Threaten Historic Nationwide Strike Over New SRC Salary Review,Nairobi Wire,Breaking News
"CS Ruku Downplays DCP’s Ol Kalou Win, ‘Like a Chicken That Laid One Egg’",Nairobi Wire,Breaking News
How Prosecutors Plan to Prove Albert Ojwang’ Was Killed in Custody,Nairobi Wire,Breaking News
Jubilee MP Declares Gachagua the New Mt Kenya Political General,Nairobi Wire,Breaking News
Clinical Officers Begin Nationwide Strike in All 47 Counties,Nairobi Wire,Breaking News
Malala Proposes KSh3 Billion Fundraiser to Launch Sifuna’s Presidential Bid,Nairobi Wire,Breaking News
Parking Fees in Nairobi Could Change as County Adopts New Pricing Policy,Nairobi Wire,Breaking News
Meet the Team David Maraga Has Picked to Drive His 2027 Presidential Bid,Nairobi Wire,Breaking News
Rigathi Gachagua Tells Tourists and Investors to Avoid Kenya,Nairobi Wire,Breaking News
Kindiki: Mt Kenya Leaders Already Calculating Ruto’s 2027 Succession Plan,Nairobi Wire,Breaking News
Funny Trending Memes To Kickstart New Week,Nairobi Wire,Breaking News
“You Are a Loser”: Murkomen Slams Gachagua Over Ol Kalou Rape Claims,Nairobi Wire,Breaking News
Hilarious Kenyan Tweets on X to Beat the Monday Blues,Nairobi Wire,Breaking News
Did Infotrak Really Predict the Wrong Ol Kalou By-Election Winner?,Nairobi Wire,Breaking News
Moses Kuria Makes Big Promise to Ol Kalou Residents Despite UDA’s Loss,Nairobi Wire,Breaking News
CS Ogamba Reveals When Schools Can Legally Charge Parents Extra Fees,Nairobi Wire,Breaking News
ODM Projects 17 Million Votes From Coalition With Ruto’s UDA,Nairobi Wire,Breaking News
Linda Mwananchi Claims Ruto Blocked Bid to Register New Political Party,Nairobi Wire,Breaking News
India Has No Odometer Law and 300000 Clocked Cars Change Hands Every Year,Nairobi Wire,Breaking News
Good Hustler Fund Repayers Set for Major Credit Boost Under New Plan,Nairobi Wire,Breaking News
Ruto Orders All State Agencies to Release Information for Transparency Audit,Nairobi Wire,Breaking News
Hilarious Memes in Nairobi This Friday,Nairobi Wire,Breaking News
“She Is Part of My Family”: Wajir Woman’s Bond With Rescued Ostrich Ends in Emotional Goodbye,Nairobi Wire,Breaking News
Sifuna Loses Senate Deputy Minority Whip Post After ODM Ouster,Nairobi Wire,Breaking News
Gachagua’s DCP Gets Lifeline as High Court Dismisses Petition,Nairobi Wire,Breaking News
Thika Inches Closer to Becoming Kenya’s Newest City,Nairobi Wire,Breaking News
Ruto Retires 250 Board Members in State Corporations Shake-Up,Nairobi Wire,Breaking News
Owino named Govt Spokesman in changes,Kahawa Tungu,Breaking News
Court told CCTV evidence shows Albert Ojwang left Central Police cells unresponsive,Kahawa Tungu,Breaking News
Lawyer arrested over land fraud scandal,Kahawa Tungu,Breaking News
New documents detail rape charges against the Tate brothers in the UK,Kahawa Tungu,Breaking News
Police officers arrested for allegedly seeking roadside bribe from Nigeria’s anti-corruption boss,Kahawa Tungu,Breaking News
"Ann Widdecombe was hit on head repeatedly with hammer, prosecutors say",Kahawa Tungu,Breaking News
"Rights groups condemn violence, journalist attacks during Ol Kalou by-election",Kahawa Tungu,Breaking News
22 pedestrians charged over blocking traffic at Allsops footbridge,Kahawa Tungu,Breaking News
Lebanese army says troops deploying in ‘pilot zone’ after Israeli withdrawal,Kahawa Tungu,Breaking News
India’s ‘cockroach’ protest continues a day after police crackdown,Kahawa Tungu,Breaking News
10 Things to Check Before Hiring a Residential Roofing Company in Austin (2026),Kahawa Tungu,Breaking News
Onyonka to Gusii leaders: Back Matiang’i now or stay away later,Kahawa Tungu,Breaking News
Caitlin Foord Siblings: Getting to Know Jamie Foord,Kahawa Tungu,Breaking News
Alessia Russo Siblings: All About Luca and Giorgio,Kahawa Tungu,Breaking News
Ceri Holland Siblings: Getting to Know Glesni,Kahawa Tungu,Breaking News
Medical Findings Contradict Police Account As Ojwang’s Murder Trial Opens For Former Central OCS & 5 Officers,Ghafla Kenya,Breaking News
Kanyari Says He Has Alleged Daughter but Is Yet to Take DNA Test,Ghafla Kenya,Breaking News
Kenya Airways Partners With Yemi Alade to Boost West Africa Expansion,Ghafla Kenya,Breaking News
Kenya Met Forecast: 19 Counties to Receive Rain as Cold Nights Persist Across Several Regions,Ghafla Kenya,Breaking News
Kindiki Defended As Ruto’s Running Mate In 2027 Amid Pressure Following UDA’s Ol Kalou Loss,Ghafla Kenya,Breaking News
Drake’s World Cup Bet Backfires as Argentina’s Final Defeat Costs Him $1.5 Million,Ghafla Kenya,Breaking News
"DCI Launches Probe Into Ol Kalou By-Election Violence, Targets Armed & Hooded Goons",Ghafla Kenya,Breaking News
Bolo Bespoke Challenges Oga Obinna To Boxing Match After KES 2M World Cup Win,Ghafla Kenya,Breaking News
Kenya’s Vision 2030 Is Coming to an End. What’s New?,Business Today Kenya,Breaking News
Equity Life Retirement Funds Top Ksh900M  on Growing Demand,Business Today Kenya,Breaking News
Kitale Jitume Centre Empowering Youth for Digital Jobs,Business Today Kenya,Breaking News
How Paren Hirani is Redefining Hospitality at Sentrim Hotels & Lodges,Business Today Kenya,Breaking News
Co-operative Bank is Now the 4th Largest Listed Company,Business Today Kenya,Breaking News
World Cup Bets Turn Into Big Wins as Odibets Rewards Players with Smartphones and 55” Hisense TVs,Business Today Kenya,Breaking News
Nairobi County Eyes Major Hike in Daily Parking Fees,Business Today Kenya,Breaking News
CBK Supports Pan-African Payment Network to Boost Regional Trade,Business Today Kenya,Breaking News
