Headline,Date,Source
Gachagua tourism boycott uproar variant 1,2025-08-02,Kenyans.co.ke
Sifuna Western tour variant 2,2025-08-10,Kenyans.co.ke
Revealed: Albert Ojwang last moments variant 3,2025-03-12,People Daily
Revealed: Albert Ojwang last moments variant 4,2025-11-09,Kenyans.co.ke
Raila mausoleum variant 5,2025-03-29,Citizen Digital
Ojwang trial updates variant 6,2025-06-25,People Daily
"Dead man, Sh800,000 theft and drink spiking gang on the run variant 7",2026-04-07,Daily Nation
AI Kenyan jobs impact variant 8,2026-07-20,People Daily
AI Kenyan jobs impact variant 9,2025-07-12,Citizen Digital
Sifuna Western tour variant 10,2026-07-13,People Daily
Ebola local defences variant 11,2025-03-30,The Standard
Sakaja budget crisis variant 12,2026-04-25,Daily Nation
Police goons crackdown variant 13,2025-01-09,People Daily
"Dead man, Sh800,000 theft and drink spiking gang on the run variant 14",2026-05-01,People Daily
AI Kenyan jobs impact variant 15,2026-07-22,The Star
Ojwang trial updates variant 16,2025-03-25,The Star
Goons take over evictions variant 17,2025-04-15,Daily Nation
Maize subsidies variant 18,2025-08-31,The Standard
Teachers reject salary increment variant 19,2025-10-06,Citizen Digital
Raila mausoleum variant 20,2025-12-29,Citizen Digital
Ruto U-turn on university funding variant 21,2025-02-23,The Standard
LSK names judges facing boycott variant 22,2026-08-01,Citizen Digital
County budgets variant 23,2025-12-28,Citizen Digital
Goons take over evictions variant 24,2025-11-22,Citizen Digital
Teachers reject salary increment variant 25,2025-02-19,Kenyans.co.ke
LSK names judges facing boycott variant 26,2026-01-24,The Star
Sifuna Western tour variant 27,2026-06-05,People Daily
Ojwang trial updates variant 28,2025-05-21,The Standard
Ebola local defences variant 29,2026-01-12,Kenyans.co.ke
Police goons crackdown variant 30,2025-12-28,The Star
Maize subsidies variant 31,2026-01-04,Daily Nation
Ruto new appointments variant 32,2025-03-31,Daily Nation
Ojwang trial updates variant 33,2025-06-06,People Daily
Ruto U-turn on university funding variant 34,2025-04-22,The Standard
Sakaja budget crisis variant 35,2025-08-13,The Star
AI Kenyan jobs impact variant 36,2026-07-19,People Daily
Raila mausoleum variant 37,2025-07-08,Kenyans.co.ke
Revealed: Albert Ojwang last moments variant 38,2025-12-20,The Standard
Maize subsidies variant 39,2026-07-09,Daily Nation
Ol Kalou by-election reactions variant 40,2026-08-08,People Daily
Police goons crackdown variant 41,2025-06-06,Daily Nation
AI Kenyan jobs impact variant 42,2025-08-28,The Star
Ol Kalou by-election reactions variant 43,2026-03-17,Citizen Digital
Teachers reject salary increment variant 44,2025-11-02,The Star
Ruto U-turn on university funding variant 45,2026-04-24,Kenyans.co.ke
County budgets variant 46,2025-05-16,People Daily
Revealed: Albert Ojwang last moments variant 47,2026-05-24,The Standard
Sakaja budget crisis variant 48,2026-01-30,Daily Nation
Ebola local defences variant 49,2026-03-16,Daily Nation
Ruto new appointments variant 50,2025-02-24,People Daily
Kenya road deaths variant 51,2025-10-28,Daily Nation
Police goons crackdown variant 52,2025-04-03,People Daily
Sakaja budget crisis variant 53,2025-02-25,Citizen Digital
Police goons crackdown variant 54,2025-07-17,Kenyans.co.ke
Ebola local defences variant 55,2025-01-31,The Star
Teen mothers education variant 56,2025-10-04,The Standard
AI Kenyan jobs impact variant 57,2025-07-04,Kenyans.co.ke
County budgets variant 58,2025-11-20,The Star
Kenya road deaths variant 59,2025-02-28,Daily Nation
Kenya road deaths variant 60,2026-06-11,Kenyans.co.ke
Maize subsidies variant 61,2026-01-06,The Star
Sifuna Western tour variant 62,2025-09-19,People Daily
Raila mausoleum variant 63,2025-09-01,The Standard
Ojwang trial updates variant 64,2025-08-22,People Daily
LSK names judges facing boycott variant 65,2025-08-21,Daily Nation
Goons take over evictions variant 66,2025-11-01,Kenyans.co.ke
Ebola local defences variant 67,2025-10-02,People Daily
Ruto U-turn on university funding variant 68,2025-03-16,Citizen Digital
Ojwang trial updates variant 69,2025-03-30,Citizen Digital
AI Kenyan jobs impact variant 70,2025-10-03,Daily Nation
County budgets variant 71,2026-06-10,The Star
Ol Kalou by-election reactions variant 72,2026-01-16,Citizen Digital
Sifuna Western tour variant 73,2025-06-22,The Standard
Goons take over evictions variant 74,2025-07-15,The Standard
Police goons crackdown variant 75,2025-07-12,Kenyans.co.ke
Revealed: Albert Ojwang last moments variant 76,2026-08-09,The Star
Ruto U-turn on university funding variant 77,2025-09-01,Daily Nation
Ruto new appointments variant 78,2025-01-13,Citizen Digital
Gachagua tourism boycott uproar variant 79,2025-06-17,People Daily
Teen mothers education variant 80,2025-01-12,People Daily
Ojwang trial updates variant 81,2025-03-29,The Standard
Ebola local defences variant 82,2025-05-21,The Star
Ebola local defences variant 83,2025-02-10,People Daily
Goons take over evictions variant 84,2025-04-28,Daily Nation
Ruto U-turn on university funding variant 85,2025-12-11,The Standard
Raila mausoleum variant 86,2025-11-15,Kenyans.co.ke
Ruto U-turn on university funding variant 87,2025-12-11,The Standard
County budgets variant 88,2026-05-03,The Star
Teachers reject salary increment variant 89,2026-05-17,The Star
Maize subsidies variant 90,2026-01-24,Citizen Digital
County budgets variant 91,2026-04-27,People Daily
Ebola local defences variant 92,2025-07-09,The Star
Sifuna Western tour variant 93,2025-12-10,The Standard
Revealed: Albert Ojwang last moments variant 94,2026-04-30,Daily Nation
Gachagua tourism boycott uproar variant 95,2026-06-05,Kenyans.co.ke
Ruto new appointments variant 96,2025-03-14,The Standard
"Dead man, Sh800,000 theft and drink spiking gang on the run variant 97",2025-10-10,Kenyans.co.ke
Sifuna Western tour variant 98,2025-01-24,Daily Nation
County budgets variant 99,2025-02-11,The Star
Teen mothers education variant 100,2025-10-08,The Standard
Ruto new appointments variant 101,2025-03-18,The Standard
Sifuna Western tour variant 102,2025-07-06,The Standard
Ruto new appointments variant 103,2026-01-15,People Daily
Sakaja budget crisis variant 104,2025-05-27,The Standard
Ruto new appointments variant 105,2025-03-11,The Star
Ruto U-turn on university funding variant 106,2026-01-05,The Star
Teen mothers education variant 107,2025-07-24,Kenyans.co.ke
Goons take over evictions variant 108,2025-06-26,The Standard
Teachers reject salary increment variant 109,2025-06-03,People Daily
Kenya road deaths variant 110,2026-06-09,People Daily
Kenya road deaths variant 111,2025-10-26,The Standard
AI Kenyan jobs impact variant 112,2026-05-21,The Star
Ebola local defences variant 113,2025-10-22,People Daily
Sakaja budget crisis variant 114,2025-05-03,Kenyans.co.ke
LSK names judges facing boycott variant 115,2025-01-06,Kenyans.co.ke
Sakaja budget crisis variant 116,2025-11-27,The Standard
Ruto U-turn on university funding variant 117,2025-07-11,People Daily
Ruto new appointments variant 118,2026-03-10,Citizen Digital
Sifuna Western tour variant 119,2026-08-09,People Daily
Sifuna Western tour variant 120,2026-03-04,Kenyans.co.ke
Raila mausoleum variant 121,2025-10-02,Kenyans.co.ke
Goons take over evictions variant 122,2026-03-16,Citizen Digital
Goons take over evictions variant 123,2026-07-08,Daily Nation
Ojwang trial updates variant 124,2026-01-27,People Daily
Raila mausoleum variant 125,2026-05-03,The Standard
"Dead man, Sh800,000 theft and drink spiking gang on the run variant 126",2026-08-14,Citizen Digital
Ebola local defences variant 127,2025-02-09,The Star
Ruto U-turn on university funding variant 128,2025-08-22,Citizen Digital
AI Kenyan jobs impact variant 129,2025-03-13,The Standard
Ruto new appointments variant 130,2026-04-19,Kenyans.co.ke
Ebola local defences variant 131,2025-10-26,The Standard
Sifuna Western tour variant 132,2026-06-27,Citizen Digital
Ruto new appointments variant 133,2025-03-20,Kenyans.co.ke
Ol Kalou by-election reactions variant 134,2026-03-11,The Standard
Police goons crackdown variant 135,2025-11-03,Citizen Digital
Maize subsidies variant 136,2025-02-20,Daily Nation
Sifuna Western tour variant 137,2025-08-11,Citizen Digital
Ol Kalou by-election reactions variant 138,2025-04-11,People Daily
Raila mausoleum variant 139,2026-03-24,The Star
Ebola local defences variant 140,2026-05-08,The Standard
County budgets variant 141,2025-07-01,The Star
"Dead man, Sh800,000 theft and drink spiking gang on the run variant 142",2025-03-15,The Standard
Ojwang trial updates variant 143,2025-05-08,Citizen Digital
County budgets variant 144,2026-05-21,People Daily
LSK names judges facing boycott variant 145,2026-07-19,Kenyans.co.ke
Goons take over evictions variant 146,2025-05-28,The Star
Sifuna Western tour variant 147,2025-05-01,People Daily
Ojwang trial updates variant 148,2026-05-02,Citizen Digital
Ol Kalou by-election reactions variant 149,2025-04-21,The Standard
Ruto new appointments variant 150,2026-05-18,Kenyans.co.ke
Sakaja budget crisis variant 151,2025-01-30,Kenyans.co.ke
Ebola local defences variant 152,2026-05-20,The Star
Gachagua tourism boycott uproar variant 153,2025-07-23,The Standard
Teachers reject salary increment variant 154,2026-01-22,Kenyans.co.ke
Sakaja budget crisis variant 155,2025-06-25,Citizen Digital
Raila mausoleum variant 156,2025-04-18,Daily Nation
Ol Kalou by-election reactions variant 157,2025-02-22,The Standard
Ebola local defences variant 158,2026-05-22,The Star
Raila mausoleum variant 159,2025-10-27,Daily Nation
Ebola local defences variant 160,2026-06-01,Kenyans.co.ke
Maize subsidies variant 161,2025-04-30,Kenyans.co.ke
"Dead man, Sh800,000 theft and drink spiking gang on the run variant 162",2025-11-03,Kenyans.co.ke
Ol Kalou by-election reactions variant 163,2025-03-15,The Star
Goons take over evictions variant 164,2026-05-24,People Daily
Ruto new appointments variant 165,2025-09-30,Kenyans.co.ke
Goons take over evictions variant 166,2025-09-24,The Standard
Revealed: Albert Ojwang last moments variant 167,2025-08-25,Citizen Digital
Revealed: Albert Ojwang last moments variant 168,2025-08-23,Citizen Digital
Raila mausoleum variant 169,2026-05-12,Daily Nation
Teachers reject salary increment variant 170,2026-04-15,People Daily
Ojwang trial updates variant 171,2025-03-15,Daily Nation
Ruto new appointments variant 172,2026-08-06,People Daily
LSK names judges facing boycott variant 173,2025-05-08,People Daily
Ojwang trial updates variant 174,2026-06-24,The Standard
Ol Kalou by-election reactions variant 175,2025-07-11,The Star
Maize subsidies variant 176,2026-02-02,The Star
Police goons crackdown variant 177,2025-06-02,Daily Nation
Gachagua tourism boycott uproar variant 178,2025-05-06,Citizen Digital
"Dead man, Sh800,000 theft and drink spiking gang on the run variant 179",2025-05-10,People Daily
County budgets variant 180,2025-07-01,Citizen Digital
Maize subsidies variant 181,2025-02-02,People Daily
County budgets variant 182,2025-12-29,Citizen Digital
Revealed: Albert Ojwang last moments variant 183,2026-04-27,The Standard
County budgets variant 184,2026-07-17,The Standard
Gachagua tourism boycott uproar variant 185,2026-06-22,Kenyans.co.ke
Revealed: Albert Ojwang last moments variant 186,2025-05-18,Daily Nation
Maize subsidies variant 187,2025-05-10,Daily Nation
AI Kenyan jobs impact variant 188,2025-03-11,The Standard
Revealed: Albert Ojwang last moments variant 189,2025-07-25,Daily Nation
Raila mausoleum variant 190,2025-07-30,Citizen Digital
LSK names judges facing boycott variant 191,2026-07-05,Kenyans.co.ke
Ruto new appointments variant 192,2025-07-31,Daily Nation
"Dead man, Sh800,000 theft and drink spiking gang on the run variant 193",2026-05-11,Kenyans.co.ke
Goons take over evictions variant 194,2025-09-18,The Standard
LSK names judges facing boycott variant 195,2025-03-06,People Daily
Gachagua tourism boycott uproar variant 196,2025-06-14,The Standard
Teachers reject salary increment variant 197,2025-07-18,People Daily
Police goons crackdown variant 198,2026-04-15,Kenyans.co.ke
Maize subsidies variant 199,2025-08-18,People Daily
Teen mothers education variant 200,2026-01-18,Daily Nation
Gachagua tourism boycott uproar variant 201,2026-08-10,The Star
LSK names judges facing boycott variant 202,2026-04-24,Citizen Digital
Kenya road deaths variant 203,2026-02-04,The Star
Teachers reject salary increment variant 204,2025-01-03,Kenyans.co.ke
Revealed: Albert Ojwang last moments variant 205,2025-12-21,Kenyans.co.ke
Sakaja budget crisis variant 206,2025-11-22,People Daily
"Dead man, Sh800,000 theft and drink spiking gang on the run variant 207",2025-02-04,People Daily
Police goons crackdown variant 208,2025-04-03,People Daily
Sifuna Western tour variant 209,2026-06-18,Kenyans.co.ke
AI Kenyan jobs impact variant 210,2025-08-18,The Star
LSK names judges facing boycott variant 211,2026-08-20,The Standard
Police goons crackdown variant 212,2025-04-26,Citizen Digital
Ruto new appointments variant 213,2025-11-28,Citizen Digital
Maize subsidies variant 214,2025-08-01,The Standard
Sakaja budget crisis variant 215,2025-12-15,Kenyans.co.ke
Teen mothers education variant 216,2026-03-04,Citizen Digital
Ol Kalou by-election reactions variant 217,2025-07-03,People Daily
Ojwang trial updates variant 218,2026-03-06,Daily Nation
Sakaja budget crisis variant 219,2026-04-11,The Standard
Police goons crackdown variant 220,2026-02-23,People Daily
Maize subsidies variant 221,2025-03-17,The Standard
Kenya road deaths variant 222,2025-10-27,Kenyans.co.ke
LSK names judges facing boycott variant 223,2026-02-06,Citizen Digital
Teachers reject salary increment variant 224,2025-04-01,The Star
Revealed: Albert Ojwang last moments variant 225,2026-08-04,People Daily
Ebola local defences variant 226,2026-05-11,The Star
Raila mausoleum variant 227,2025-12-16,The Standard
Ojwang trial updates variant 228,2026-06-20,Citizen Digital
Maize subsidies variant 229,2026-04-15,The Star
Police goons crackdown variant 230,2025-07-15,Kenyans.co.ke
AI Kenyan jobs impact variant 231,2025-06-04,Kenyans.co.ke
Kenya road deaths variant 232,2025-04-11,The Standard
Sakaja budget crisis variant 233,2025-06-05,Daily Nation
Teen mothers education variant 234,2025-12-05,Kenyans.co.ke
Sifuna Western tour variant 235,2025-08-24,The Standard
Ruto new appointments variant 236,2025-08-07,People Daily
Sifuna Western tour variant 237,2025-04-17,The Standard
Sakaja budget crisis variant 238,2025-01-07,The Standard
Gachagua tourism boycott uproar variant 239,2025-01-21,The Standard
Raila mausoleum variant 240,2026-07-17,Daily Nation
Raila mausoleum variant 241,2026-07-10,People Daily
Sifuna Western tour variant 242,2025-12-07,People Daily
County budgets variant 243,2025-10-26,The Star
Raila mausoleum variant 244,2026-03-20,The Star
Police goons crackdown variant 245,2025-05-20,The Star
Ruto U-turn on university funding variant 246,2025-03-05,The Standard
Ol Kalou by-election reactions variant 247,2025-10-03,Daily Nation
Ebola local defences variant 248,2026-01-24,People Daily
Police goons crackdown variant 249,2026-04-21,Kenyans.co.ke
Ebola local defences variant 250,2025-11-09,Daily Nation
Police goons crackdown variant 251,2026-05-03,The Star
AI Kenyan jobs impact variant 252,2025-11-13,Daily Nation
AI Kenyan jobs impact variant 253,2025-08-27,The Standard
AI Kenyan jobs impact variant 254,2025-12-05,Kenyans.co.ke
Revealed: Albert Ojwang last moments variant 255,2025-04-13,The Standard
Revealed: Albert Ojwang last moments variant 256,2026-04-12,The Standard
LSK names judges facing boycott variant 257,2025-02-14,People Daily
Sakaja budget crisis variant 258,2025-11-30,Kenyans.co.ke
Teen mothers education variant 259,2026-04-19,The Star
Goons take over evictions variant 260,2026-03-27,The Standard
Goons take over evictions variant 261,2025-06-25,Daily Nation
Kenya road deaths variant 262,2025-04-27,People Daily
Sakaja budget crisis variant 263,2025-11-27,Daily Nation
Raila mausoleum variant 264,2025-03-09,People Daily
Ojwang trial updates variant 265,2026-05-28,People Daily
Police goons crackdown variant 266,2025-09-11,Daily Nation
Ruto U-turn on university funding variant 267,2025-01-22,Kenyans.co.ke
Raila mausoleum variant 268,2026-05-08,Kenyans.co.ke
County budgets variant 269,2025-12-16,Citizen Digital
Teen mothers education variant 270,2025-03-02,The Standard
"Dead man, Sh800,000 theft and drink spiking gang on the run variant 271",2026-04-23,Kenyans.co.ke
Teachers reject salary increment variant 272,2025-04-21,Daily Nation
Raila mausoleum variant 273,2026-06-08,The Star
Ebola local defences variant 274,2025-12-20,People Daily
"Dead man, Sh800,000 theft and drink spiking gang on the run variant 275",2026-07-28,The Standard
Ojwang trial updates variant 276,2026-01-13,Daily Nation
Teachers reject salary increment variant 277,2026-04-26,The Star
Sifuna Western tour variant 278,2026-03-12,Daily Nation
"Dead man, Sh800,000 theft and drink spiking gang on the run variant 279",2026-04-05,The Standard
County budgets variant 280,2025-03-16,People Daily
Ojwang trial updates variant 281,2025-01-19,The Star
LSK names judges facing boycott variant 282,2026-07-28,The Star
Teachers reject salary increment variant 283,2025-10-18,The Standard
Ebola local defences variant 284,2025-11-06,Citizen Digital
Sifuna Western tour variant 285,2026-04-25,People Daily
Teachers reject salary increment variant 286,2026-01-28,Kenyans.co.ke
Ruto new appointments variant 287,2026-07-08,People Daily
Teen mothers education variant 288,2026-02-17,Daily Nation
LSK names judges facing boycott variant 289,2025-04-29,Kenyans.co.ke
Kenya road deaths variant 290,2025-04-27,The Star
Ruto new appointments variant 291,2025-02-16,Kenyans.co.ke
Ruto U-turn on university funding variant 292,2026-05-18,Daily Nation
Revealed: Albert Ojwang last moments variant 293,2025-06-25,People Daily
"Dead man, Sh800,000 theft and drink spiking gang on the run variant 294",2026-04-18,The Star
Sakaja budget crisis variant 295,2025-03-06,Kenyans.co.ke
AI Kenyan jobs impact variant 296,2025-06-26,The Standard
Revealed: Albert Ojwang last moments variant 297,2025-04-11,People Daily
Revealed: Albert Ojwang last moments variant 298,2025-05-17,The Standard
Revealed: Albert Ojwang last moments variant 299,2026-02-22,People Daily
Ruto new appointments variant 300,2026-03-14,Kenyans.co.ke
"Dead man, Sh800,000 theft and drink spiking gang on the run variant 301",2026-05-20,Daily Nation
Maize subsidies variant 302,2026-07-27,Citizen Digital
Ol Kalou by-election reactions variant 303,2026-01-21,People Daily
Teen mothers education variant 304,2025-09-10,Citizen Digital
Kenya road deaths variant 305,2026-02-05,Citizen Digital
Teen mothers education variant 306,2026-08-21,Daily Nation
Raila mausoleum variant 307,2025-10-09,Kenyans.co.ke
Raila mausoleum variant 308,2025-01-05,Citizen Digital
Ruto new appointments variant 309,2025-10-04,The Standard
"Dead man, Sh800,000 theft and drink spiking gang on the run variant 310",2025-07-12,The Star
Goons take over evictions variant 311,2025-10-04,People Daily
Revealed: Albert Ojwang last moments variant 312,2025-03-21,People Daily
Teachers reject salary increment variant 313,2026-07-28,Daily Nation
Sifuna Western tour variant 314,2025-11-24,Daily Nation
Revealed: Albert Ojwang last moments variant 315,2026-02-21,Citizen Digital
Ojwang trial updates variant 316,2025-07-29,Citizen Digital
AI Kenyan jobs impact variant 317,2026-07-17,The Standard
Goons take over evictions variant 318,2025-04-16,Kenyans.co.ke
Ebola local defences variant 319,2026-05-06,The Standard
Teachers reject salary increment variant 320,2026-07-15,The Standard
Gachagua tourism boycott uproar variant 321,2026-03-23,Kenyans.co.ke
Teen mothers education variant 322,2026-08-03,People Daily
Raila mausoleum variant 323,2026-06-09,Citizen Digital
Kenya road deaths variant 324,2025-05-16,Kenyans.co.ke
Raila mausoleum variant 325,2026-04-27,The Standard
Police goons crackdown variant 326,2026-06-28,The Star
Ojwang trial updates variant 327,2026-01-05,Citizen Digital
Ruto U-turn on university funding variant 328,2025-07-24,Citizen Digital
AI Kenyan jobs impact variant 329,2025-11-09,Kenyans.co.ke
Teen mothers education variant 330,2025-02-11,Daily Nation
Ruto new appointments variant 331,2025-08-13,Kenyans.co.ke
Ojwang trial updates variant 332,2026-01-16,Citizen Digital
Ebola local defences variant 333,2025-06-21,The Standard
Raila mausoleum variant 334,2025-07-24,The Star
Sifuna Western tour variant 335,2026-06-03,Kenyans.co.ke
Sakaja budget crisis variant 336,2025-05-28,People Daily
LSK names judges facing boycott variant 337,2026-03-07,The Standard
Ebola local defences variant 338,2025-03-08,The Standard
Gachagua tourism boycott uproar variant 339,2025-02-02,The Standard
Gachagua tourism boycott uproar variant 340,2026-07-28,Kenyans.co.ke
Ol Kalou by-election reactions variant 341,2025-04-01,Citizen Digital
Gachagua tourism boycott uproar variant 342,2025-10-28,The Standard
Sifuna Western tour variant 343,2026-05-15,Daily Nation
Kenya road deaths variant 344,2025-03-22,Kenyans.co.ke
Police goons crackdown variant 345,2026-03-27,Kenyans.co.ke
Maize subsidies variant 346,2026-04-21,Kenyans.co.ke
Ebola local defences variant 347,2025-01-15,Daily Nation
Ruto new appointments variant 348,2025-10-06,Citizen Digital
Revealed: Albert Ojwang last moments variant 349,2025-02-21,Daily Nation
Maize subsidies variant 350,2025-12-08,People Daily
Ol Kalou by-election reactions variant 351,2025-09-15,Daily Nation
Ojwang trial updates variant 352,2026-03-15,Kenyans.co.ke
AI Kenyan jobs impact variant 353,2026-08-03,Citizen Digital
Ebola local defences variant 354,2025-08-12,Kenyans.co.ke
LSK names judges facing boycott variant 355,2025-07-31,The Star
Ebola local defences variant 356,2026-02-03,The Standard
"Dead man, Sh800,000 theft and drink spiking gang on the run variant 357",2025-12-26,Kenyans.co.ke
Gachagua tourism boycott uproar variant 358,2025-06-04,The Standard
Ol Kalou by-election reactions variant 359,2026-04-22,The Star
Ojwang trial updates variant 360,2025-08-04,Daily Nation
Maize subsidies variant 361,2025-04-03,Citizen Digital
Ebola local defences variant 362,2025-12-21,Kenyans.co.ke
Gachagua tourism boycott uproar variant 363,2026-06-09,People Daily
Sakaja budget crisis variant 364,2026-02-21,The Star
Sifuna Western tour variant 365,2026-07-31,Citizen Digital
LSK names judges facing boycott variant 366,2025-02-03,The Standard
LSK names judges facing boycott variant 367,2025-06-15,People Daily
Maize subsidies variant 368,2025-09-19,People Daily
Ruto U-turn on university funding variant 369,2026-03-08,Kenyans.co.ke
Teachers reject salary increment variant 370,2025-06-14,Daily Nation
Ebola local defences variant 371,2026-05-21,The Standard
Raila mausoleum variant 372,2026-01-22,The Star
County budgets variant 373,2025-05-21,Daily Nation
Ruto new appointments variant 374,2025-02-01,Citizen Digital
Raila mausoleum variant 375,2026-07-02,People Daily
Sakaja budget crisis variant 376,2025-03-02,The Star
Ruto U-turn on university funding variant 377,2026-04-23,Kenyans.co.ke
County budgets variant 378,2026-02-27,The Star
Gachagua tourism boycott uproar variant 379,2025-11-24,The Star
Police goons crackdown variant 380,2025-04-16,The Standard
Ruto U-turn on university funding variant 381,2026-07-28,The Standard
Teen mothers education variant 382,2025-03-22,People Daily
Ol Kalou by-election reactions variant 383,2025-11-27,Citizen Digital
Ruto new appointments variant 384,2025-06-11,Citizen Digital
Ruto new appointments variant 385,2025-01-04,The Standard
AI Kenyan jobs impact variant 386,2025-05-06,Daily Nation
Ruto U-turn on university funding variant 387,2026-06-13,People Daily
Ojwang trial updates variant 388,2025-02-18,Daily Nation
Kenya road deaths variant 389,2026-08-21,Kenyans.co.ke
AI Kenyan jobs impact variant 390,2026-06-25,The Standard
County budgets variant 391,2026-05-12,Kenyans.co.ke
Ruto U-turn on university funding variant 392,2026-07-24,Citizen Digital
Ebola local defences variant 393,2026-06-07,Daily Nation
LSK names judges facing boycott variant 394,2026-07-19,Kenyans.co.ke
Revealed: Albert Ojwang last moments variant 395,2026-03-22,The Star
County budgets variant 396,2025-09-12,The Standard
AI Kenyan jobs impact variant 397,2025-02-10,Citizen Digital
LSK names judges facing boycott variant 398,2026-08-01,Daily Nation
AI Kenyan jobs impact variant 399,2026-07-20,Kenyans.co.ke
County budgets variant 400,2026-01-02,The Star
Ojwang trial updates variant 401,2026-01-15,Kenyans.co.ke
Teachers reject salary increment variant 402,2026-07-13,The Standard
Maize subsidies variant 403,2025-11-30,Kenyans.co.ke
Ruto U-turn on university funding variant 404,2026-02-27,The Standard
Gachagua tourism boycott uproar variant 405,2025-01-03,Daily Nation
Ebola local defences variant 406,2025-12-17,People Daily
Revealed: Albert Ojwang last moments variant 407,2026-05-02,Kenyans.co.ke
AI Kenyan jobs impact variant 408,2025-09-27,People Daily
LSK names judges facing boycott variant 409,2025-12-13,The Standard
Ol Kalou by-election reactions variant 410,2025-09-17,The Star
Ojwang trial updates variant 411,2026-01-23,The Star
Ojwang trial updates variant 412,2026-08-03,The Standard
Kenya road deaths variant 413,2026-05-01,The Standard
Teachers reject salary increment variant 414,2026-06-24,The Standard
AI Kenyan jobs impact variant 415,2026-03-04,Daily Nation
Sifuna Western tour variant 416,2025-07-05,Citizen Digital
Goons take over evictions variant 417,2025-02-25,The Standard
Sakaja budget crisis variant 418,2026-06-22,The Standard
Kenya road deaths variant 419,2025-02-04,Daily Nation
Kenya road deaths variant 420,2025-03-09,The Star
Ol Kalou by-election reactions variant 421,2025-09-04,The Standard
AI Kenyan jobs impact variant 422,2025-08-07,Kenyans.co.ke
AI Kenyan jobs impact variant 423,2025-04-19,Citizen Digital
"Dead man, Sh800,000 theft and drink spiking gang on the run variant 424",2025-05-04,Daily Nation
Kenya road deaths variant 425,2025-10-11,Kenyans.co.ke
"Dead man, Sh800,000 theft and drink spiking gang on the run variant 426",2025-02-15,Kenyans.co.ke
Ruto new appointments variant 427,2026-07-05,People Daily
Raila mausoleum variant 428,2026-04-23,The Star
Maize subsidies variant 429,2026-01-12,The Standard
Gachagua tourism boycott uproar variant 430,2025-03-24,The Star
Goons take over evictions variant 431,2026-03-13,The Star
Ruto new appointments variant 432,2025-09-14,Kenyans.co.ke
Ebola local defences variant 433,2025-06-06,Kenyans.co.ke
County budgets variant 434,2025-05-31,Citizen Digital
AI Kenyan jobs impact variant 435,2025-08-27,Citizen Digital
Sifuna Western tour variant 436,2025-05-02,The Star
Police goons crackdown variant 437,2025-05-11,The Star
Ruto U-turn on university funding variant 438,2026-05-27,Daily Nation
Maize subsidies variant 439,2025-01-19,People Daily
Gachagua tourism boycott uproar variant 440,2026-03-06,Daily Nation
Teen mothers education variant 441,2025-02-18,The Standard
Ebola local defences variant 442,2025-09-17,Kenyans.co.ke
Police goons crackdown variant 443,2026-07-01,Kenyans.co.ke
Ojwang trial updates variant 444,2025-05-04,People Daily
Maize subsidies variant 445,2025-05-17,The Star
Goons take over evictions variant 446,2025-12-28,Daily Nation
Goons take over evictions variant 447,2026-07-18,Kenyans.co.ke
Teachers reject salary increment variant 448,2026-05-06,People Daily
LSK names judges facing boycott variant 449,2026-05-07,The Standard
Sakaja budget crisis variant 450,2025-04-08,The Standard
Revealed: Albert Ojwang last moments variant 451,2025-12-06,Kenyans.co.ke
Sifuna Western tour variant 452,2025-08-22,Daily Nation
Ebola local defences variant 453,2025-09-26,People Daily
Teen mothers education variant 454,2026-05-03,The Standard
Ruto new appointments variant 455,2025-01-22,The Star
County budgets variant 456,2026-03-03,Citizen Digital
Raila mausoleum variant 457,2026-02-01,The Standard
Teen mothers education variant 458,2026-04-04,Daily Nation
Raila mausoleum variant 459,2025-11-17,The Standard
Kenya road deaths variant 460,2026-07-31,Citizen Digital
Ruto U-turn on university funding variant 461,2025-03-26,Kenyans.co.ke
Sakaja budget crisis variant 462,2026-08-23,People Daily
Kenya road deaths variant 463,2025-03-05,The Star
Ol Kalou by-election reactions variant 464,2025-10-07,People Daily
LSK names judges facing boycott variant 465,2026-06-07,Kenyans.co.ke
"Dead man, Sh800,000 theft and drink spiking gang on the run variant 466",2026-06-12,The Star
Kenya road deaths variant 467,2026-03-08,Citizen Digital
Teen mothers education variant 468,2025-10-28,The Star
"Dead man, Sh800,000 theft and drink spiking gang on the run variant 469",2025-01-21,People Daily
Raila mausoleum variant 470,2025-07-01,The Standard
County budgets variant 471,2026-06-10,The Star
Revealed: Albert Ojwang last moments variant 472,2026-01-25,Citizen Digital
Revealed: Albert Ojwang last moments variant 473,2026-04-27,Citizen Digital
Revealed: Albert Ojwang last moments variant 474,2026-04-23,Kenyans.co.ke
Gachagua tourism boycott uproar variant 475,2026-08-18,The Star
Teen mothers education variant 476,2025-08-10,Kenyans.co.ke
Ol Kalou by-election reactions variant 477,2026-07-08,Daily Nation
Ebola local defences variant 478,2025-08-26,The Star
Goons take over evictions variant 479,2025-12-22,People Daily
Ol Kalou by-election reactions variant 480,2025-10-12,People Daily
Sakaja budget crisis variant 481,2025-01-27,The Standard
Sakaja budget crisis variant 482,2026-03-22,Daily Nation
"Dead man, Sh800,000 theft and drink spiking gang on the run variant 483",2026-06-19,The Star
AI Kenyan jobs impact variant 484,2026-06-11,The Standard
AI Kenyan jobs impact variant 485,2025-04-15,Citizen Digital
AI Kenyan jobs impact variant 486,2026-06-19,Kenyans.co.ke
Ruto new appointments variant 487,2026-01-08,Kenyans.co.ke
Gachagua tourism boycott uproar variant 488,2025-05-23,People Daily
Ruto new appointments variant 489,2025-07-11,The Standard
"Dead man, Sh800,000 theft and drink spiking gang on the run variant 490",2025-11-12,Daily Nation
County budgets variant 491,2026-02-12,Kenyans.co.ke
"Dead man, Sh800,000 theft and drink spiking gang on the run variant 492",2025-07-05,The Star
Teachers reject salary increment variant 493,2025-05-27,Citizen Digital
"Dead man, Sh800,000 theft and drink spiking gang on the run variant 494",2025-03-05,The Standard
Maize subsidies variant 495,2025-06-06,People Daily
Teachers reject salary increment variant 496,2026-03-28,The Star
Police goons crackdown variant 497,2025-06-20,Citizen Digital
Ruto new appointments variant 498,2025-04-07,The Standard
Ruto U-turn on university funding variant 499,2025-01-08,The Standard
Goons take over evictions variant 500,2026-04-05,Kenyans.co.ke
Goons take over evictions variant 501,2025-05-27,Kenyans.co.ke
Kenya road deaths variant 502,2026-07-24,Citizen Digital
Goons take over evictions variant 503,2026-07-24,People Daily
Kenya road deaths variant 504,2025-08-11,Daily Nation
Ol Kalou by-election reactions variant 505,2026-05-10,The Star
Kenya road deaths variant 506,2025-12-07,Daily Nation
County budgets variant 507,2026-05-01,The Star
Raila mausoleum variant 508,2026-04-29,Kenyans.co.ke
Raila mausoleum variant 509,2026-01-18,Citizen Digital
Gachagua tourism boycott uproar variant 510,2026-06-11,Daily Nation
Revealed: Albert Ojwang last moments variant 511,2025-05-26,Citizen Digital
Teen mothers education variant 512,2025-05-22,Daily Nation
Maize subsidies variant 513,2025-10-22,Citizen Digital
Revealed: Albert Ojwang last moments variant 514,2026-01-24,Kenyans.co.ke
LSK names judges facing boycott variant 515,2025-06-16,Kenyans.co.ke
Teachers reject salary increment variant 516,2025-08-05,The Standard
Maize subsidies variant 517,2026-06-19,Kenyans.co.ke
Raila mausoleum variant 518,2025-11-07,Daily Nation
County budgets variant 519,2026-04-16,The Star
Ol Kalou by-election reactions variant 520,2025-04-23,People Daily
Ojwang trial updates variant 521,2025-02-16,People Daily
Ol Kalou by-election reactions variant 522,2026-05-26,The Standard
County budgets variant 523,2025-10-14,Citizen Digital
Sifuna Western tour variant 524,2026-02-14,Daily Nation
LSK names judges facing boycott variant 525,2026-07-16,The Star
Sakaja budget crisis variant 526,2025-05-18,The Star
Kenya road deaths variant 527,2025-04-02,People Daily
AI Kenyan jobs impact variant 528,2026-01-27,Daily Nation
Raila mausoleum variant 529,2025-12-29,People Daily
"Dead man, Sh800,000 theft and drink spiking gang on the run variant 530",2025-08-08,Citizen Digital
Police goons crackdown variant 531,2026-06-30,Citizen Digital
Teen mothers education variant 532,2026-03-29,The Standard
Maize subsidies variant 533,2026-06-22,Daily Nation
Ol Kalou by-election reactions variant 534,2025-01-23,The Standard
Ruto new appointments variant 535,2025-04-23,Kenyans.co.ke
Goons take over evictions variant 536,2025-04-05,Kenyans.co.ke
Raila mausoleum variant 537,2025-10-10,The Standard
Ebola local defences variant 538,2025-05-19,The Standard
Teen mothers education variant 539,2026-06-07,Daily Nation
Ol Kalou by-election reactions variant 540,2026-04-10,The Standard
Sifuna Western tour variant 541,2025-11-18,The Standard
AI Kenyan jobs impact variant 542,2025-09-25,Kenyans.co.ke
Ruto U-turn on university funding variant 543,2026-03-24,People Daily
LSK names judges facing boycott variant 544,2025-11-26,Daily Nation
Gachagua tourism boycott uproar variant 545,2026-01-23,Citizen Digital
Sakaja budget crisis variant 546,2025-03-28,People Daily
Teachers reject salary increment variant 547,2026-04-05,Daily Nation
"Dead man, Sh800,000 theft and drink spiking gang on the run variant 548",2025-04-06,Daily Nation
"Dead man, Sh800,000 theft and drink spiking gang on the run variant 549",2026-04-17,Daily Nation
Revealed: Albert Ojwang last moments variant 550,2025-05-07,Daily Nation
Ol Kalou by-election reactions variant 551,2025-08-17,Citizen Digital
Ruto U-turn on university funding variant 552,2025-01-08,Kenyans.co.ke
AI Kenyan jobs impact variant 553,2025-06-28,Kenyans.co.ke
Maize subsidies variant 554,2026-05-22,Citizen Digital
County budgets variant 555,2025-12-21,Citizen Digital
Teachers reject salary increment variant 556,2026-04-25,The Standard
Teachers reject salary increment variant 557,2025-09-06,Citizen Digital
LSK names judges facing boycott variant 558,2026-08-11,People Daily
Ruto new appointments variant 559,2025-07-17,The Standard
Ol Kalou by-election reactions variant 560,2025-01-23,The Star
LSK names judges facing boycott variant 561,2026-05-15,The Star
Ojwang trial updates variant 562,2025-09-25,The Standard
AI Kenyan jobs impact variant 563,2025-08-27,The Standard
"Dead man, Sh800,000 theft and drink spiking gang on the run variant 564",2025-03-08,The Standard
Teachers reject salary increment variant 565,2025-06-05,Kenyans.co.ke
Goons take over evictions variant 566,2025-09-17,People Daily
Ojwang trial updates variant 567,2025-03-08,The Standard
Goons take over evictions variant 568,2026-08-07,The Standard
Police goons crackdown variant 569,2025-11-15,Kenyans.co.ke
Ruto new appointments variant 570,2025-05-05,People Daily
Teen mothers education variant 571,2026-08-17,The Standard
AI Kenyan jobs impact variant 572,2026-06-28,Daily Nation
Ojwang trial updates variant 573,2026-06-03,The Standard
Police goons crackdown variant 574,2026-07-26,People Daily
Teen mothers education variant 575,2025-10-21,The Standard
Ruto U-turn on university funding variant 576,2026-05-29,People Daily
Revealed: Albert Ojwang last moments variant 577,2025-03-15,The Standard
County budgets variant 578,2026-02-28,Daily Nation
Revealed: Albert Ojwang last moments variant 579,2026-04-03,People Daily
Kenya road deaths variant 580,2025-05-28,Daily Nation
Sifuna Western tour variant 581,2025-02-16,Daily Nation
Police goons crackdown variant 582,2025-03-08,People Daily
Revealed: Albert Ojwang last moments variant 583,2025-08-23,The Star
Gachagua tourism boycott uproar variant 584,2026-03-09,Kenyans.co.ke
Raila mausoleum variant 585,2025-04-08,People Daily
Ruto U-turn on university funding variant 586,2026-08-03,The Star
Ol Kalou by-election reactions variant 587,2025-05-14,The Star
Ebola local defences variant 588,2025-03-02,The Standard
Sakaja budget crisis variant 589,2026-07-26,The Standard
Sifuna Western tour variant 590,2025-08-16,Daily Nation
Revealed: Albert Ojwang last moments variant 591,2025-07-31,The Standard
Police goons crackdown variant 592,2025-10-14,The Star
Kenya road deaths variant 593,2026-05-22,The Standard
Gachagua tourism boycott uproar variant 594,2026-05-17,Citizen Digital
LSK names judges facing boycott variant 595,2025-04-25,The Standard
Revealed: Albert Ojwang last moments variant 596,2025-11-15,People Daily
Sifuna Western tour variant 597,2025-09-07,Daily Nation
Ruto U-turn on university funding variant 598,2025-11-11,The Standard
"Dead man, Sh800,000 theft and drink spiking gang on the run variant 599",2025-10-30,Citizen Digital
Goons take over evictions variant 600,2025-09-05,People Daily
County budgets variant 601,2025-03-24,Kenyans.co.ke
Ruto U-turn on university funding variant 602,2025-07-21,Citizen Digital
Ebola local defences variant 603,2026-03-22,People Daily
Ol Kalou by-election reactions variant 604,2026-04-22,People Daily
Sifuna Western tour variant 605,2025-05-13,The Star
Ruto U-turn on university funding variant 606,2025-01-18,The Star
Raila mausoleum variant 607,2026-06-09,The Star
AI Kenyan jobs impact variant 608,2026-03-01,Daily Nation
Ojwang trial updates variant 609,2025-01-06,The Standard
Sakaja budget crisis variant 610,2025-03-09,Kenyans.co.ke
AI Kenyan jobs impact variant 611,2026-01-02,The Standard
Ojwang trial updates variant 612,2025-05-25,Kenyans.co.ke
Police goons crackdown variant 613,2025-06-05,The Star
Ruto new appointments variant 614,2026-01-30,People Daily
Sifuna Western tour variant 615,2025-06-26,People Daily
Revealed: Albert Ojwang last moments variant 616,2025-10-23,Citizen Digital
Raila mausoleum variant 617,2026-08-22,People Daily
Teen mothers education variant 618,2025-09-23,Kenyans.co.ke
County budgets variant 619,2025-11-22,The Star
Ojwang trial updates variant 620,2026-05-31,Citizen Digital
Sifuna Western tour variant 621,2025-01-26,The Standard
Teachers reject salary increment variant 622,2025-12-12,The Standard
Goons take over evictions variant 623,2025-04-22,The Star
LSK names judges facing boycott variant 624,2025-05-11,Daily Nation
Police goons crackdown variant 625,2025-09-16,Kenyans.co.ke
AI Kenyan jobs impact variant 626,2026-06-12,The Standard
Kenya road deaths variant 627,2025-01-05,Citizen Digital
Sifuna Western tour variant 628,2025-10-20,Daily Nation
Kenya road deaths variant 629,2026-04-30,People Daily
Ruto U-turn on university funding variant 630,2025-10-02,People Daily
Sifuna Western tour variant 631,2026-06-10,Citizen Digital
Teachers reject salary increment variant 632,2026-02-05,Kenyans.co.ke
Ruto new appointments variant 633,2025-08-22,Citizen Digital
Teachers reject salary increment variant 634,2025-06-09,Kenyans.co.ke
Teachers reject salary increment variant 635,2026-03-27,People Daily
Maize subsidies variant 636,2026-05-25,People Daily
Police goons crackdown variant 637,2025-10-08,Daily Nation
AI Kenyan jobs impact variant 638,2025-12-27,Kenyans.co.ke
Teen mothers education variant 639,2026-05-01,Daily Nation
Ol Kalou by-election reactions variant 640,2025-04-09,Daily Nation
LSK names judges facing boycott variant 641,2025-10-19,The Star
Ruto new appointments variant 642,2025-07-30,Citizen Digital
Kenya road deaths variant 643,2025-09-05,The Star
Raila mausoleum variant 644,2026-07-26,The Standard
Raila mausoleum variant 645,2025-11-24,Daily Nation
Sakaja budget crisis variant 646,2025-05-03,Citizen Digital
Teen mothers education variant 647,2025-08-05,People Daily
"Dead man, Sh800,000 theft and drink spiking gang on the run variant 648",2026-07-21,Citizen Digital
Teachers reject salary increment variant 649,2025-04-03,People Daily
Maize subsidies variant 650,2025-02-08,The Standard
AI Kenyan jobs impact variant 651,2026-02-05,The Standard
Revealed: Albert Ojwang last moments variant 652,2026-01-27,People Daily
Teen mothers education variant 653,2025-11-09,The Star
Teachers reject salary increment variant 654,2026-08-10,People Daily
County budgets variant 655,2025-01-20,Daily Nation
Maize subsidies variant 656,2025-02-09,Kenyans.co.ke
Ebola local defences variant 657,2026-04-20,People Daily
AI Kenyan jobs impact variant 658,2025-12-19,The Standard
Sakaja budget crisis variant 659,2026-01-19,The Star
Kenya road deaths variant 660,2025-03-08,Kenyans.co.ke
Gachagua tourism boycott uproar variant 661,2026-05-08,People Daily
Gachagua tourism boycott uproar variant 662,2025-08-02,The Star
LSK names judges facing boycott variant 663,2026-05-26,The Standard
Ruto new appointments variant 664,2025-05-23,People Daily
Ruto U-turn on university funding variant 665,2025-09-11,People Daily
Maize subsidies variant 666,2025-09-10,People Daily
Kenya road deaths variant 667,2026-02-04,Citizen Digital
Ebola local defences variant 668,2025-10-20,People Daily
Police goons crackdown variant 669,2025-08-14,The Standard
Teachers reject salary increment variant 670,2025-03-27,People Daily
Gachagua tourism boycott uproar variant 671,2026-05-14,Kenyans.co.ke
Sakaja budget crisis variant 672,2025-03-21,The Star
Teen mothers education variant 673,2025-09-30,Citizen Digital
"Dead man, Sh800,000 theft and drink spiking gang on the run variant 674",2025-06-24,Kenyans.co.ke
Ruto new appointments variant 675,2025-08-09,Kenyans.co.ke
Teachers reject salary increment variant 676,2025-03-22,Kenyans.co.ke
Teachers reject salary increment variant 677,2025-01-20,The Star
Ruto new appointments variant 678,2025-10-01,People Daily
Ol Kalou by-election reactions variant 679,2025-04-14,The Star
Revealed: Albert Ojwang last moments variant 680,2026-01-15,Kenyans.co.ke
Ojwang trial updates variant 681,2025-02-25,The Star
"Dead man, Sh800,000 theft and drink spiking gang on the run variant 682",2025-01-24,Daily Nation
Ojwang trial updates variant 683,2025-06-03,People Daily
Raila mausoleum variant 684,2026-05-30,Daily Nation
Maize subsidies variant 685,2026-06-10,Kenyans.co.ke
Sifuna Western tour variant 686,2026-04-16,The Standard
Sakaja budget crisis variant 687,2026-06-27,Daily Nation
Sifuna Western tour variant 688,2025-10-03,The Standard
Sifuna Western tour variant 689,2025-04-02,Kenyans.co.ke
LSK names judges facing boycott variant 690,2025-11-28,People Daily
LSK names judges facing boycott variant 691,2026-03-18,Daily Nation
Revealed: Albert Ojwang last moments variant 692,2025-12-24,Daily Nation
Revealed: Albert Ojwang last moments variant 693,2026-01-14,Citizen Digital
Teachers reject salary increment variant 694,2026-04-23,Kenyans.co.ke
Maize subsidies variant 695,2025-05-01,Kenyans.co.ke
Teachers reject salary increment variant 696,2025-04-23,The Standard
AI Kenyan jobs impact variant 697,2025-02-04,The Star
Ruto U-turn on university funding variant 698,2025-05-24,The Star
"Dead man, Sh800,000 theft and drink spiking gang on the run variant 699",2026-01-17,The Star
Raila mausoleum variant 700,2025-12-29,Citizen Digital
LSK names judges facing boycott variant 701,2025-03-15,Daily Nation
Gachagua tourism boycott uproar variant 702,2025-08-23,People Daily
"Dead man, Sh800,000 theft and drink spiking gang on the run variant 703",2026-03-04,Daily Nation
Revealed: Albert Ojwang last moments variant 704,2026-05-27,The Standard
Kenya road deaths variant 705,2025-01-26,Daily Nation
County budgets variant 706,2025-10-22,Kenyans.co.ke
Sifuna Western tour variant 707,2025-06-16,The Standard
Police goons crackdown variant 708,2026-06-18,Daily Nation
Ol Kalou by-election reactions variant 709,2025-03-19,Citizen Digital
Ruto new appointments variant 710,2026-08-16,People Daily
"Dead man, Sh800,000 theft and drink spiking gang on the run variant 711",2025-10-15,Citizen Digital
Sakaja budget crisis variant 712,2026-03-17,Citizen Digital
"Dead man, Sh800,000 theft and drink spiking gang on the run variant 713",2025-10-09,The Standard
Sakaja budget crisis variant 714,2025-11-02,Kenyans.co.ke
Raila mausoleum variant 715,2026-05-14,The Standard
Ruto U-turn on university funding variant 716,2026-05-23,The Star
Teen mothers education variant 717,2026-05-08,Daily Nation
LSK names judges facing boycott variant 718,2025-08-26,Citizen Digital
Sifuna Western tour variant 719,2026-08-04,The Star
LSK names judges facing boycott variant 720,2025-10-03,People Daily
County budgets variant 721,2026-05-01,Kenyans.co.ke
"Dead man, Sh800,000 theft and drink spiking gang on the run variant 722",2026-05-21,The Standard
County budgets variant 723,2026-03-23,Citizen Digital
Teachers reject salary increment variant 724,2025-07-19,Citizen Digital
Goons take over evictions variant 725,2025-01-04,The Star
Ebola local defences variant 726,2025-10-27,Citizen Digital
Teachers reject salary increment variant 727,2026-04-27,People Daily
Goons take over evictions variant 728,2025-02-13,Citizen Digital
Maize subsidies variant 729,2026-03-08,The Star
LSK names judges facing boycott variant 730,2025-06-15,Daily Nation
County budgets variant 731,2026-06-24,Kenyans.co.ke
Ruto U-turn on university funding variant 732,2025-08-26,Kenyans.co.ke
Police goons crackdown variant 733,2025-11-15,Kenyans.co.ke
Kenya road deaths variant 734,2026-08-06,Kenyans.co.ke
Ol Kalou by-election reactions variant 735,2026-01-17,Daily Nation
Ol Kalou by-election reactions variant 736,2025-04-28,Citizen Digital
Gachagua tourism boycott uproar variant 737,2025-01-22,The Star
Ol Kalou by-election reactions variant 738,2026-05-12,The Star
Maize subsidies variant 739,2026-08-03,Daily Nation
Ruto U-turn on university funding variant 740,2025-06-05,The Standard
Goons take over evictions variant 741,2026-06-08,People Daily
Goons take over evictions variant 742,2026-03-30,Citizen Digital
Revealed: Albert Ojwang last moments variant 743,2026-02-05,People Daily
Teen mothers education variant 744,2025-08-10,Citizen Digital
Revealed: Albert Ojwang last moments variant 745,2025-05-30,Kenyans.co.ke
Gachagua tourism boycott uproar variant 746,2026-04-25,People Daily
Sifuna Western tour variant 747,2026-01-30,People Daily
Ruto new appointments variant 748,2025-05-26,The Star
Teachers reject salary increment variant 749,2025-02-24,The Standard
Kenya road deaths variant 750,2025-08-02,Citizen Digital
"Dead man, Sh800,000 theft and drink spiking gang on the run variant 751",2026-03-18,Daily Nation
Ojwang trial updates variant 752,2026-07-26,People Daily
Ol Kalou by-election reactions variant 753,2026-05-17,Kenyans.co.ke
Raila mausoleum variant 754,2026-02-18,Daily Nation
LSK names judges facing boycott variant 755,2026-06-22,Kenyans.co.ke
County budgets variant 756,2025-08-03,Daily Nation
Maize subsidies variant 757,2025-11-03,The Star
Police goons crackdown variant 758,2026-02-14,The Star
Teachers reject salary increment variant 759,2025-06-17,The Standard
County budgets variant 760,2025-01-09,The Standard
Goons take over evictions variant 761,2025-07-20,Citizen Digital
Raila mausoleum variant 762,2025-04-03,Citizen Digital
Teachers reject salary increment variant 763,2025-09-11,Citizen Digital
Ojwang trial updates variant 764,2025-03-21,The Standard
Police goons crackdown variant 765,2026-02-07,Daily Nation
Revealed: Albert Ojwang last moments variant 766,2025-07-17,People Daily
Sakaja budget crisis variant 767,2026-04-22,People Daily
Kenya road deaths variant 768,2025-01-12,The Star
Gachagua tourism boycott uproar variant 769,2025-12-19,Daily Nation
Ruto U-turn on university funding variant 770,2025-04-28,Kenyans.co.ke
Police goons crackdown variant 771,2026-04-08,The Standard
Kenya road deaths variant 772,2026-02-08,The Star
County budgets variant 773,2025-12-11,The Standard
Ruto U-turn on university funding variant 774,2026-07-27,Kenyans.co.ke
Teen mothers education variant 775,2025-11-13,Kenyans.co.ke
Teen mothers education variant 776,2025-01-17,People Daily
Ruto new appointments variant 777,2026-07-22,The Star
Police goons crackdown variant 778,2025-03-24,Citizen Digital
Ojwang trial updates variant 779,2026-05-29,The Standard
Gachagua tourism boycott uproar variant 780,2026-02-04,Kenyans.co.ke
Police goons crackdown variant 781,2025-06-23,People Daily
Teen mothers education variant 782,2025-07-30,The Star
Maize subsidies variant 783,2025-03-27,Kenyans.co.ke
Kenya road deaths variant 784,2026-03-28,Kenyans.co.ke
Ruto U-turn on university funding variant 785,2025-12-04,Daily Nation
Sakaja budget crisis variant 786,2025-09-24,Daily Nation
Ebola local defences variant 787,2025-02-16,Daily Nation
Sifuna Western tour variant 788,2025-05-02,People Daily
"Dead man, Sh800,000 theft and drink spiking gang on the run variant 789",2025-11-24,Daily Nation
Revealed: Albert Ojwang last moments variant 790,2026-08-05,Daily Nation
Ruto new appointments variant 791,2025-01-15,The Standard
Maize subsidies variant 792,2026-01-05,The Star
Sifuna Western tour variant 793,2025-08-31,The Star
Teen mothers education variant 794,2026-06-28,People Daily
County budgets variant 795,2025-08-13,The Star
Ebola local defences variant 796,2025-10-27,Daily Nation
AI Kenyan jobs impact variant 797,2025-05-19,The Standard
LSK names judges facing boycott variant 798,2025-12-27,Citizen Digital
Teachers reject salary increment variant 799,2026-01-12,Daily Nation
Kenya road deaths variant 800,2026-07-03,People Daily
Raila mausoleum variant 801,2025-01-25,People Daily
Police goons crackdown variant 802,2025-07-03,The Standard
Teachers reject salary increment variant 803,2025-12-07,Daily Nation
Teachers reject salary increment variant 804,2026-06-16,The Star
Revealed: Albert Ojwang last moments variant 805,2026-03-14,The Standard
Ebola local defences variant 806,2025-07-03,The Star
Ojwang trial updates variant 807,2026-02-14,The Star
AI Kenyan jobs impact variant 808,2026-02-17,Kenyans.co.ke
Ruto new appointments variant 809,2025-01-27,The Standard
Teen mothers education variant 810,2026-04-18,The Star
Teachers reject salary increment variant 811,2025-09-05,The Standard
County budgets variant 812,2025-09-14,Kenyans.co.ke
Ruto new appointments variant 813,2025-12-14,The Standard
Ojwang trial updates variant 814,2026-03-17,Kenyans.co.ke
Goons take over evictions variant 815,2025-06-12,Daily Nation
Gachagua tourism boycott uproar variant 816,2025-05-13,Daily Nation
Raila mausoleum variant 817,2025-09-07,The Standard
Ojwang trial updates variant 818,2026-02-20,Kenyans.co.ke
Maize subsidies variant 819,2026-05-29,The Standard
Police goons crackdown variant 820,2026-01-23,The Star
Ol Kalou by-election reactions variant 821,2025-09-06,Daily Nation
Sakaja budget crisis variant 822,2025-10-24,Daily Nation
Gachagua tourism boycott uproar variant 823,2025-06-30,Daily Nation
Raila mausoleum variant 824,2026-08-19,Citizen Digital
County budgets variant 825,2025-12-23,The Standard
Kenya road deaths variant 826,2025-09-13,Daily Nation
Maize subsidies variant 827,2025-03-30,Citizen Digital
Police goons crackdown variant 828,2025-01-03,Citizen Digital
Goons take over evictions variant 829,2025-09-30,The Star
Gachagua tourism boycott uproar variant 830,2026-01-24,The Star
AI Kenyan jobs impact variant 831,2025-05-04,People Daily
Teachers reject salary increment variant 832,2026-04-02,The Standard
Ol Kalou by-election reactions variant 833,2026-04-12,Daily Nation
Ruto new appointments variant 834,2025-01-15,The Standard
Sakaja budget crisis variant 835,2025-05-26,The Standard
Ojwang trial updates variant 836,2025-07-23,The Standard
Teen mothers education variant 837,2025-05-30,Citizen Digital
LSK names judges facing boycott variant 838,2025-02-23,Kenyans.co.ke
AI Kenyan jobs impact variant 839,2026-06-28,People Daily
Kenya road deaths variant 840,2025-01-28,People Daily
Revealed: Albert Ojwang last moments variant 841,2025-01-01,The Standard
Ruto new appointments variant 842,2025-02-26,Daily Nation
Teen mothers education variant 843,2025-08-20,People Daily
Gachagua tourism boycott uproar variant 844,2026-02-23,The Standard
Sakaja budget crisis variant 845,2025-12-14,The Star
"Dead man, Sh800,000 theft and drink spiking gang on the run variant 846",2025-02-07,Citizen Digital
Raila mausoleum variant 847,2026-07-25,People Daily
Raila mausoleum variant 848,2026-07-02,People Daily
Teachers reject salary increment variant 849,2026-01-30,Daily Nation
Teen mothers education variant 850,2025-12-31,The Standard
Ebola local defences variant 851,2026-05-31,The Standard
Ol Kalou by-election reactions variant 852,2026-08-02,The Standard
Ebola local defences variant 853,2026-01-17,Daily Nation
Sakaja budget crisis variant 854,2026-08-01,Kenyans.co.ke
Police goons crackdown variant 855,2025-06-02,Kenyans.co.ke
Sifuna Western tour variant 856,2026-06-06,Kenyans.co.ke
Goons take over evictions variant 857,2026-07-15,Kenyans.co.ke
Revealed: Albert Ojwang last moments variant 858,2025-11-28,Kenyans.co.ke
Goons take over evictions variant 859,2026-01-12,Citizen Digital
"Dead man, Sh800,000 theft and drink spiking gang on the run variant 860",2025-01-03,The Star
Teen mothers education variant 861,2025-03-22,Kenyans.co.ke
Ruto U-turn on university funding variant 862,2026-08-20,Daily Nation
Ruto new appointments variant 863,2026-01-23,Citizen Digital
Raila mausoleum variant 864,2025-04-02,Citizen Digital
Raila mausoleum variant 865,2025-12-27,The Star
Goons take over evictions variant 866,2025-11-29,Kenyans.co.ke
Teen mothers education variant 867,2025-01-09,Kenyans.co.ke
Kenya road deaths variant 868,2026-03-27,Daily Nation
AI Kenyan jobs impact variant 869,2025-03-21,Daily Nation
Ruto new appointments variant 870,2025-02-25,The Star
Ebola local defences variant 871,2026-06-27,Kenyans.co.ke
Revealed: Albert Ojwang last moments variant 872,2026-03-30,People Daily
Sifuna Western tour variant 873,2025-11-18,Citizen Digital
Ol Kalou by-election reactions variant 874,2025-12-09,Daily Nation
Raila mausoleum variant 875,2025-05-04,The Standard
LSK names judges facing boycott variant 876,2026-06-12,Daily Nation
Ruto U-turn on university funding variant 877,2025-07-03,Kenyans.co.ke
Police goons crackdown variant 878,2025-11-22,Citizen Digital
Ol Kalou by-election reactions variant 879,2025-07-11,People Daily
AI Kenyan jobs impact variant 880,2025-03-25,The Standard
County budgets variant 881,2026-04-18,The Star
Raila mausoleum variant 882,2026-01-25,Citizen Digital
Teachers reject salary increment variant 883,2025-08-06,Kenyans.co.ke
Police goons crackdown variant 884,2026-04-01,People Daily
Ojwang trial updates variant 885,2026-01-26,People Daily
Ol Kalou by-election reactions variant 886,2026-04-18,People Daily
Kenya road deaths variant 887,2025-04-12,Citizen Digital
County budgets variant 888,2025-10-30,Citizen Digital
Raila mausoleum variant 889,2025-05-20,The Star
Teachers reject salary increment variant 890,2025-04-23,The Standard
LSK names judges facing boycott variant 891,2025-09-10,Kenyans.co.ke
Revealed: Albert Ojwang last moments variant 892,2026-01-19,People Daily
Police goons crackdown variant 893,2025-07-01,The Standard
Ruto U-turn on university funding variant 894,2025-01-08,People Daily
Sakaja budget crisis variant 895,2025-07-02,People Daily
County budgets variant 896,2026-08-02,The Standard
County budgets variant 897,2026-08-13,People Daily
Ruto new appointments variant 898,2025-08-24,The Standard
Sakaja budget crisis variant 899,2025-09-18,The Star
Raila mausoleum variant 900,2025-09-24,Daily Nation
Teen mothers education variant 901,2025-06-17,People Daily
AI Kenyan jobs impact variant 902,2025-10-06,The Standard
Police goons crackdown variant 903,2026-04-15,Daily Nation
Teen mothers education variant 904,2026-01-22,Kenyans.co.ke
Maize subsidies variant 905,2026-02-11,Daily Nation
Ruto U-turn on university funding variant 906,2025-05-20,People Daily
Ebola local defences variant 907,2026-05-09,The Star
LSK names judges facing boycott variant 908,2025-01-17,The Star
Raila mausoleum variant 909,2026-04-04,Kenyans.co.ke
Ol Kalou by-election reactions variant 910,2026-01-13,The Star
Revealed: Albert Ojwang last moments variant 911,2026-02-27,The Standard
Ojwang trial updates variant 912,2026-04-09,People Daily
Gachagua tourism boycott uproar variant 913,2025-12-11,Citizen Digital
Ruto new appointments variant 914,2025-06-13,People Daily
"Dead man, Sh800,000 theft and drink spiking gang on the run variant 915",2025-01-26,The Standard
Police goons crackdown variant 916,2026-07-24,Kenyans.co.ke
Ruto new appointments variant 917,2025-02-12,The Star
Goons take over evictions variant 918,2026-01-04,Citizen Digital
Ruto new appointments variant 919,2026-08-05,People Daily
AI Kenyan jobs impact variant 920,2026-03-24,The Star
Ebola local defences variant 921,2026-02-28,The Standard
Police goons crackdown variant 922,2025-10-03,Daily Nation
Police goons crackdown variant 923,2025-12-27,People Daily
Ruto U-turn on university funding variant 924,2025-12-12,People Daily
Ebola local defences variant 925,2026-04-08,The Standard
Ruto U-turn on university funding variant 926,2026-01-02,Citizen Digital
LSK names judges facing boycott variant 927,2025-12-18,People Daily
Teachers reject salary increment variant 928,2026-04-20,Citizen Digital
Ol Kalou by-election reactions variant 929,2025-09-09,The Star
Raila mausoleum variant 930,2025-11-21,The Standard
Teachers reject salary increment variant 931,2025-09-10,The Standard
Raila mausoleum variant 932,2025-10-03,Citizen Digital
Teachers reject salary increment variant 933,2025-03-09,Citizen Digital
AI Kenyan jobs impact variant 934,2025-09-13,The Standard
Revealed: Albert Ojwang last moments variant 935,2025-07-07,The Star
Gachagua tourism boycott uproar variant 936,2025-10-28,People Daily
Ruto new appointments variant 937,2026-08-03,The Star
Raila mausoleum variant 938,2025-04-22,Daily Nation
County budgets variant 939,2025-11-03,Daily Nation
Ruto U-turn on university funding variant 940,2026-04-24,People Daily
"Dead man, Sh800,000 theft and drink spiking gang on the run variant 941",2025-02-01,Kenyans.co.ke
Raila mausoleum variant 942,2025-09-28,Daily Nation
County budgets variant 943,2025-11-18,Citizen Digital
LSK names judges facing boycott variant 944,2026-05-03,Citizen Digital
Gachagua tourism boycott uproar variant 945,2026-02-04,The Star
Ebola local defences variant 946,2025-04-02,Citizen Digital
Raila mausoleum variant 947,2025-02-03,The Star
Revealed: Albert Ojwang last moments variant 948,2025-07-29,The Standard
AI Kenyan jobs impact variant 949,2026-02-08,The Standard
Teachers reject salary increment variant 950,2026-03-18,The Standard
Maize subsidies variant 951,2025-05-17,The Star
Goons take over evictions variant 952,2025-07-29,The Standard
County budgets variant 953,2025-03-16,The Standard
Goons take over evictions variant 954,2025-10-27,Daily Nation
Police goons crackdown variant 955,2026-02-16,Citizen Digital
Revealed: Albert Ojwang last moments variant 956,2025-09-13,The Standard
Ruto U-turn on university funding variant 957,2025-05-13,Daily Nation
Teen mothers education variant 958,2025-04-24,People Daily
Maize subsidies variant 959,2025-09-06,The Star
Raila mausoleum variant 960,2026-08-21,Kenyans.co.ke
Kenya road deaths variant 961,2025-10-07,People Daily
Ojwang trial updates variant 962,2025-04-03,The Star
Raila mausoleum variant 963,2025-03-30,Citizen Digital
Maize subsidies variant 964,2025-08-11,Daily Nation
"Dead man, Sh800,000 theft and drink spiking gang on the run variant 965",2025-01-24,Daily Nation
Kenya road deaths variant 966,2026-04-14,Kenyans.co.ke
Maize subsidies variant 967,2026-05-19,Citizen Digital
Sakaja budget crisis variant 968,2026-04-26,Daily Nation
Raila mausoleum variant 969,2025-05-10,The Standard
Gachagua tourism boycott uproar variant 970,2026-07-31,Daily Nation
Revealed: Albert Ojwang last moments variant 971,2025-06-10,People Daily
Ojwang trial updates variant 972,2025-09-01,Kenyans.co.ke
Maize subsidies variant 973,2025-03-02,The Standard
AI Kenyan jobs impact variant 974,2025-02-08,The Standard
Ojwang trial updates variant 975,2026-08-04,The Standard
Police goons crackdown variant 976,2025-05-24,Daily Nation
Ebola local defences variant 977,2025-07-11,Citizen Digital
Maize subsidies variant 978,2026-03-20,The Standard
"Dead man, Sh800,000 theft and drink spiking gang on the run variant 979",2026-06-28,Kenyans.co.ke
Ol Kalou by-election reactions variant 980,2025-12-30,Daily Nation
Kenya road deaths variant 981,2026-07-01,The Standard
Ruto U-turn on university funding variant 982,2025-10-24,The Standard
Revealed: Albert Ojwang last moments variant 983,2025-08-25,Kenyans.co.ke
LSK names judges facing boycott variant 984,2026-08-05,The Star
Revealed: Albert Ojwang last moments variant 985,2025-04-17,The Star
Ebola local defences variant 986,2025-09-01,The Standard
Ruto U-turn on university funding variant 987,2025-08-04,Kenyans.co.ke
Ruto new appointments variant 988,2026-07-04,Daily Nation
Ol Kalou by-election reactions variant 989,2025-09-22,The Star
Raila mausoleum variant 990,2025-01-22,The Standard
Teachers reject salary increment variant 991,2026-07-28,Daily Nation
County budgets variant 992,2025-07-24,The Star
Police goons crackdown variant 993,2025-10-19,Citizen Digital
Kenya road deaths variant 994,2025-09-25,People Daily
Ol Kalou by-election reactions variant 995,2026-08-19,People Daily
Sifuna Western tour variant 996,2025-09-22,Kenyans.co.ke
Ojwang trial updates variant 997,2026-04-25,Daily Nation
Police goons crackdown variant 998,2026-08-19,The Standard
Maize subsidies variant 999,2025-08-20,The Star
Gachagua tourism boycott uproar variant 1000,2026-05-08,Citizen Digital
