headline,date,source
Daughter accuses father of marrying her off at 17 for a bottle of beer,2026-07-21 17:15:00,World News API
Violet Chanya avishwa taji la Mwanamke Bomba,2026-07-19 00:00:00,World News API
Hesbon Owilla: The real goons are politicians who have created & benefitted from this system,2026-07-19 00:00:00,World News API
Wanariadha wa Kenya Wanaoshiriki Kwa Mara ya Kwanza Walenga Kutwaa Medali Glasgow,2026-07-19 00:00:00,World News API
Meshack Babu Alenga Dhahabu Katika Debut Yake ya Commonwealth Games Jijini Glasgow,2026-07-19 00:00:00,World News API
Ogolla: Amri ya Rais haitataua maneno ya goons. Kenya ni Uchumi la genge; usipokuwa goon hautakula,2026-07-19 00:00:00,World News API
Mombasa: Washukiwa wa ulanguzi wa mihadarati wakamatwa wakitaka kuondoka nchini kuelekea Dubai,2026-07-19 00:00:00,World News API
Bushiri Queens Yatinga Fainali za Chapa Dimba Kakamega Baada ya Ushindi Dhidi ya Mwira,2026-07-19 00:00:00,World News API
Kizaa nje ya kiwanda cha Keroche baada ya madalali kufungiwa nje,2026-07-19 00:00:00,World News API
"CITIZEN NIPASHE ~ JULY 21, 2026",2026-07-19 00:00:00,World News API
